district,month,hour,T2M_mean,T2M_std,PS_mean,PS_std,RH2M_mean,RH2M_std
Hanamkonda,1,0,17.930967741935483,2.0533254484676644,979.2911290322581,1.8012196453674176,73.26782258064516,12.054325308159443
Hanamkonda,1,1,17.197741935483872,2.0592617821279573,978.8612903225807,1.8031909240353825,77.9233064516129,12.669492627964205
Hanamkonda,1,2,16.58475806451613,2.0471056163290595,978.616935483871,1.8128592954424396,82.24,13.470633159713662
Hanamkonda,1,3,16.1266935483871,2.0296856746413288,978.6540322580646,1.8100172569607287,85.31524193548387,13.674699174093995
Hanamkonda,1,4,15.794677419354839,2.0278774339110437,979.0524193548387,1.8025033951087297,87.33846774193547,13.438920485364855
Hanamkonda,1,5,15.545564516129033,2.051527411316033,979.792741935484,1.7873163507726781,88.70911290322582,13.007553841143183
Hanamkonda,1,6,15.998548387096774,2.074406837953193,980.6951612903225,1.7630283830571045,88.87241935483871,12.036552620131033
Hanamkonda,1,7,18.64975806451613,1.9112105999212936,981.5895161290323,1.7514601828461442,76.91685483870968,11.322431607530786
Hanamkonda,1,8,21.720483870967744,1.9939505481218986,982.2556451612903,1.7483233510230929,63.58443548387097,10.210904047504732
Hanamkonda,1,9,24.901935483870968,1.8646648720975914,982.3129032258065,1.7335975912663741,50.78677419354839,10.399722131089923
Hanamkonda,1,10,27.12959677419355,1.8594716441604218,981.633064516129,1.7285137078080148,42.730645161290326,9.977996747472808
Hanamkonda,1,11,28.531854838709677,1.925964806023577,980.45,1.756497808949782,38.2891935483871,9.348745978839547
Hanamkonda,1,12,29.37653225806452,1.9950642528336524,979.1225806451613,1.7851619092463122,35.5983064516129,8.987329719252518
Hanamkonda,1,13,29.72088709677419,2.0427926095631457,977.9991935483871,1.8238035823382737,34.1341935483871,8.864739056020777
Hanamkonda,1,14,29.51290322580645,2.068274790361471,977.3943548387097,1.8504362227672824,33.89,9.020379365771655
Hanamkonda,1,15,28.748064516129034,2.066365835993605,977.3104838709677,1.8728621871605036,35.454274193548386,9.558774641116601
Hanamkonda,1,16,26.550483870967742,2.092071309872443,977.6298387096774,1.8807099437375197,49.49629032258064,10.67056116412365
Hanamkonda,1,17,23.726774193548387,1.894014769899353,978.2483870967742,1.8789585366024821,56.15701612903226,10.781159943313845
Hanamkonda,1,18,22.726532258064516,1.8417136083580192,979.0911290322581,1.854417362832074,57.27508064516129,11.263799738378207
Hanamkonda,1,19,21.960887096774194,1.8570905700916172,979.8185483870968,1.8233519983357136,58.60362903225807,11.535618458804786
Hanamkonda,1,20,21.225080645161288,1.873859759946711,980.2008064516128,1.7921008232263387,60.115564516129034,11.654100663730201
Hanamkonda,1,21,20.449193548387097,1.9101341189765622,980.2379032258065,1.7954138840247817,62.18701612903225,11.689247020324993
Hanamkonda,1,22,19.63201612903226,1.9583292945145856,979.9822580645161,1.7942114868907444,64.99088709677419,11.749963363519901
Hanamkonda,1,23,18.79612903225806,2.0092977819903277,979.641129032258,1.7964288014001304,68.60314516129033,11.831792252812596
Hanamkonda,2,0,21.10345132743363,2.015766324463719,978.1168141592921,1.989162721153408,51.11106194690266,15.556484371639277
Hanamkonda,2,1,20.248761061946905,2.003948839498514,977.6902654867257,2.0008018304174593,55.9858407079646,16.75813644204253
Hanamkonda,2,2,19.47575221238938,1.9644132190544719,977.4716814159292,1.9976981855262823,61.295398230088495,18.020939409644225
Hanamkonda,2,3,18.811858407079644,1.913372839419851,977.5761061946903,1.9814440232298831,66.48053097345132,19.141690422100908
Hanamkonda,2,4,18.283008849557522,1.8793016773695057,978.0778761061947,1.965039735752134,70.91035398230089,19.84344084367515
Hanamkonda,2,5,17.879026548672567,1.8718649813000527,978.9283185840708,1.939369790244337,74.3116814159292,20.138190171850052
Hanamkonda,2,6,18.87424778761062,1.8726522469623397,979.8884955752212,1.9169242575948184,72.13557522123894,18.974629487162446
Hanamkonda,2,7,21.96433628318584,1.7476739010683162,980.7539823008849,1.9110129792408181,59.483716814159294,17.01997970845537
Hanamkonda,2,8,25.935132743362832,1.9857263492252857,981.3539823008849,1.9390735728982769,44.82504424778761,13.92274206648283
Hanamkonda,2,9,29.531061946902653,2.076422216058818,981.4362831858407,1.9340031553241868,33.395309734513276,11.94144837999715
Hanamkonda,2,10,31.798318584070795,2.0887115400643412,980.6805309734513,1.913432704735061,27.60008849557522,10.23755206646233
Hanamkonda,2,11,33.21504424778761,2.107624392149083,979.4327433628318,1.8951744396660366,24.557699115044247,9.108557594063626
Hanamkonda,2,12,34.07070796460177,2.127092548197357,978.0787610619468,1.8961168649672189,22.7312389380531,8.407843184952725
Hanamkonda,2,13,34.393362831858404,2.1298346727502198,976.8690265486725,1.8965231179156796,21.761946902654866,8.028359316733656
Hanamkonda,2,14,34.145486725663716,2.1323343978366123,976.1327433628319,1.899315782716997,21.546283185840707,7.969323460563622
Hanamkonda,2,15,33.36646017699115,2.120517086683769,975.9982300884956,1.9026758554394732,22.047345132743363,8.171757987302007
Hanamkonda,2,16,31.602920353982302,2.249292619523471,976.3035398230089,1.9119889234745056,26.977433628318582,10.766176514797985
Hanamkonda,2,17,27.870530973451327,2.1958970834864338,976.9283185840708,1.9151402889004039,35.56424778761062,12.909659299290876
Hanamkonda,2,18,26.405929203539824,2.1051661103309587,977.762831858407,1.920434971667806,36.84575221238938,12.580977761607123
Hanamkonda,2,19,25.513185840707962,2.091785492231938,978.6061946902655,1.9307790427071803,37.92911504424779,12.638606286007885
Hanamkonda,2,20,24.71353982300885,2.081101150985245,979.0654867256636,1.924177463948841,39.108141592920354,12.743826905371012
Hanamkonda,2,21,23.9,2.074419454071085,979.1203539823009,1.9484499009301866,40.748141592920355,12.968971042775284
Hanamkonda,2,22,23.03194690265487,2.072382970333168,978.9017699115044,1.9870106001624235,43.113008849557524,13.376045812581474
Hanamkonda,2,23,22.139115044247784,2.075075970004353,978.5522123893804,2.020789155659454,46.31610619469027,14.027357417970043
Hanamkonda,3,0,25.22258064516129,2.152889860058113,975.7588709677419,2.22637596430491,47.381209677419356,15.241406246749088
Hanamkonda,3,1,24.36717741935484,2.1261613031389794,975.316935483871,2.2464686569588515,52.34685483870968,16.243204926605465
Hanamkonda,3,2,23.630241935483873,2.1033536766218903,975.0830645161291,2.2627676331558244,57.168064516129036,17.17636316302141
Hanamkonda,3,3,23.013387096774192,2.0839638930351994,975.1903225806452,2.2490257820368877,61.504919354838705,17.912876800726238
Hanamkonda,3,4,22.500887096774196,2.0750660728423607,975.7056451612904,2.2262039738596813,65.20137096774194,18.53312645383792
Hanamkonda,3,5,22.083629032258063,2.075073643389972,976.5298387096774,2.232537651198328,68.18016129032259,19.05756909501242
Hanamkonda,3,6,23.392419354838708,1.910559604297538,977.4620967741936,2.233542985254893,63.97556451612903,17.94521986320851
Hanamkonda,3,7,26.31508064516129,1.8994044834677695,978.3096774193548,2.2252950605431745,51.56346774193548,15.299666452836698
Hanamkonda,3,8,30.18540322580645,2.1484546910894617,978.8064516129032,2.2465417664064447,37.04677419354839,12.645726650442143
Hanamkonda,3,9,33.27556451612903,2.2715283714154415,978.7088709677419,2.264358416886679,28.343467741935484,10.196083980009497
Hanamkonda,3,10,35.328548387096774,2.271853114722742,978.0088709677419,2.22907659239424,23.934193548387096,8.488716479800088
Hanamkonda,3,11,36.66572580645161,2.2578211575523874,976.8201612903225,2.1837157800227605,21.4983064516129,7.523797445631087
Hanamkonda,3,12,37.4525,2.259442202190765,975.4620967741936,2.147813891119122,20.069193548387098,6.952226828932842
Hanamkonda,3,13,37.72508064516129,2.25407003013672,974.2508064516129,2.1360816634209825,19.32935483870968,6.632464715192166
Hanamkonda,3,14,37.480241935483875,2.211524311055544,973.4459677419355,2.1320015861106776,19.173951612903227,6.503900745568676
Hanamkonda,3,15,36.73870967741936,2.156836726086373,973.2048387096773,2.14107543977669,19.601774193548387,6.5771109688498015
Hanamkonda,3,16,35.44604838709678,2.1269210612741754,973.4604838709678,2.1564355770836254,21.215806451612906,7.030734050977022
Hanamkonda,3,17,32.36822580645161,2.2546169607394124,974.0362903225806,2.179032927790036,28.385483870967743,10.205610871471645
Hanamkonda,3,18,30.586451612903225,2.2324160937257735,974.8403225806452,2.174535530439621,30.94,10.953821770601975
Hanamkonda,3,19,29.74282258064516,2.2863264675531227,975.6741935483872,2.175356095239606,32.14653225806452,11.167292328863816
Hanamkonda,3,20,28.958064516129035,2.323205200215405,976.2879032258064,2.157783895609508,33.6141129032258,11.637139453225428
Hanamkonda,3,21,28.118951612903224,2.3061595917629587,976.5,2.118136932551937,35.69508064516129,12.274759977847577
Hanamkonda,3,22,27.200483870967744,2.255567584848443,976.4080645161291,2.1133950174704217,38.730000000000004,13.121462961267028
Hanamkonda,3,23,26.24790322580645,2.193971516439734,976.0903225806452,2.137562602319659,42.74604838709678,14.148041481199343
Hanamkonda,4,0,29.189916666666665,1.9416321194074964,972.9891666666666,1.896515860456693,45.00725,11.543410719081765
Hanamkonda,4,1,28.371666666666666,1.894841885305507,972.6041666666666,1.9082041288076805,49.17616666666667,12.233251639947344
Hanamkonda,4,2,27.677500000000002,1.8603804842608105,972.4183333333333,1.9029823269528026,52.96158333333334,12.840146206910804
Hanamkonda,4,3,27.089833333333335,1.835767411410147,972.6175000000001,1.8963770190337041,56.266,13.372523215267082
Hanamkonda,4,4,26.59958333333333,1.8186902646441712,973.2083333333334,1.8768193787341325,59.03575,13.876816084493484
Hanamkonda,4,5,26.306833333333334,1.8288123451676312,973.9699999999999,1.8739523683891668,60.93541666666667,14.427286116899447
Hanamkonda,4,6,27.834333333333333,1.8145989363272237,974.8225,1.8712536803262356,55.79808333333334,13.853854379538848
Hanamkonda,4,7,30.809,2.0123394137089265,975.5691666666667,1.8820601903828664,44.12266666666667,11.873758492082082
Hanamkonda,4,8,34.14091666666666,2.312987807585511,975.8883333333334,1.8979946663522909,33.16891666666667,9.958020524487104
Hanamkonda,4,9,36.66,2.3448896696913484,975.6525,1.8863936737693607,27.08941666666667,8.084189185250004
Hanamkonda,4,10,38.554833333333335,2.327273437450159,974.9625,1.897103608356833,23.448416666666667,6.779271916960525
Hanamkonda,4,11,39.87866666666666,2.3070155821663962,973.8908333333333,1.8778673686768985,21.189583333333335,5.983286862057467
Hanamkonda,4,12,40.66191666666667,2.308383440991609,972.5941666666666,1.8516082418352995,19.863583333333334,5.62580157438402
Hanamkonda,4,13,40.91433333333334,2.305888965576753,971.4141666666667,1.8383997349417405,19.22725,5.57857560846205
Hanamkonda,4,14,40.657583333333335,2.2779151590848983,970.6141666666666,1.8400902349691581,19.131333333333334,5.628245981576468
Hanamkonda,4,15,39.961,2.23902454751388,970.2783333333333,1.8670600325821227,19.511916666666664,5.65981118784654
Hanamkonda,4,16,38.89883333333333,2.179709402932529,970.4325,1.9040497530749276,20.50358333333333,5.986770259852778
Hanamkonda,4,17,36.87625,2.1855768857510895,971.0058333333333,1.9248178276055166,24.833833333333335,7.784902344268932
Hanamkonda,4,18,34.793416666666666,2.1762551660177714,971.7891666666667,1.936547904678577,28.84875,10.175091481636125
Hanamkonda,4,19,33.93808333333333,2.1852016793769455,972.565,1.9299780118049343,30.072999999999997,10.224986334769275
Hanamkonda,4,20,33.09875,2.1792063787481153,973.2116666666666,1.9431492818754017,31.67,10.219789502675264
Hanamkonda,4,21,32.1805,2.1547468996800228,973.5933333333334,1.933287935330995,33.93658333333333,10.39015431625952
Hanamkonda,4,22,31.198249999999998,2.122113130503525,973.5983333333334,1.9207834244353044,37.063583333333334,10.954897818395413
Hanamkonda,4,23,30.196916666666667,2.0664803007368193,973.3025,1.9301875425926494,40.92008333333333,11.654406494940005
Hanamkonda,5,0,29.25975806451613,2.3462706834150935,970.2943548387096,2.6691645542718545,59.73483870967742,17.70121554247309
Hanamkonda,5,1,28.62274193548387,2.2205632987500192,969.8725806451613,2.682928224017981,63.086048387096774,17.219179031946474
Hanamkonda,5,2,28.089032258064517,2.1285196273065035,969.7379032258065,2.688778026374034,66.01201612903226,16.820267148862044
Hanamkonda,5,3,27.630241935483873,2.0293074086686613,969.9588709677419,2.696791592575204,68.43491935483871,16.40176589223513
Hanamkonda,5,4,27.230645161290322,1.9433726203068993,970.4887096774194,2.6984551339886678,70.39395161290322,16.101104432075424
Hanamkonda,5,5,27.145887096774196,1.8860036521086359,971.2209677419354,2.6818351377868566,70.89782258064515,15.786223671984544
Hanamkonda,5,6,28.66217741935484,2.008606506597984,972.0685483870968,2.6733665915095397,63.78790322580645,15.15618000406969
Hanamkonda,5,7,31.236612903225808,2.358833902035734,972.6895161290323,2.682579105688121,52.145322580645164,14.204234307164159
Hanamkonda,5,8,33.86532258064516,2.745301510381075,972.9532258064515,2.6663648858875475,42.57709677419355,13.60437607585599
Hanamkonda,5,9,35.97838709677419,3.0721895444300515,972.7524193548387,2.6302945431429676,36.604032258064514,13.064012687958703
Hanamkonda,5,10,37.60959677419355,3.342988390766936,972.1016129032258,2.6079922150291677,32.70951612903226,12.679303721158988
Hanamkonda,5,11,38.78241935483871,3.5476547551496846,971.1685483870967,2.570355292751033,30.14467741935484,12.43674332162328
Hanamkonda,5,12,39.512016129032254,3.7045243662615523,970.1233870967742,2.5279609981737607,28.567903225806454,12.390818281357186
Hanamkonda,5,13,39.76983870967742,3.8123918582814933,969.1524193548387,2.4986976676048154,27.836370967741935,12.584552818828412
Hanamkonda,5,14,39.54951612903226,3.8379919069464608,968.4637096774194,2.4802417492131,27.830967741935485,12.981610158524019
Hanamkonda,5,15,38.94854838709677,3.7917897384222,968.1387096774193,2.463644919425663,28.41991935483871,13.546152695100254
Hanamkonda,5,16,37.96233870967742,3.7012836948866927,968.2524193548387,2.4522915684177486,30.011129032258065,14.488604729497094
Hanamkonda,5,17,36.19508064516129,3.460703320586477,968.7838709677419,2.44787570413413,36.027419354838706,15.987727603900835
Hanamkonda,5,18,34.005322580645164,3.1574741462958356,969.4911290322581,2.4594933742565743,44.31887096774194,18.501218866008013
Hanamkonda,5,19,33.155080645161284,3.069783365669746,970.2169354838709,2.4873900441178187,45.91612903225807,18.60790503010028
Hanamkonda,5,20,32.36814516129032,2.9445996779375188,970.7830645161291,2.519766467892408,47.81548387096774,18.56306523236063
Hanamkonda,5,21,31.567903225806454,2.757840640553528,971.1524193548387,2.557452483395431,50.17709677419355,18.30251276782986
Hanamkonda,5,22,30.77459677419355,2.569152971420468,971.133064516129,2.59203664075637,53.05814516129032,17.935833659240032
Hanamkonda,5,23,29.998064516129034,2.4268215612427655,970.7483870967742,2.6365931414712698,56.4241935483871,17.60362578583637
Hanamkonda,6,0,28.085416666666667,2.5995655408934306,968.9391666666667,1.6681543080657109,70.23049999999999,16.972091567773084
Hanamkonda,6,1,27.677916666666665,2.5027762386118795,968.4958333333333,1.6663448568866903,71.73083333333334,16.642689645230153
Hanamkonda,6,2,27.292416666666668,2.369868980469983,968.3408333333333,1.6678621062912269,73.21208333333334,16.082055969143937
Hanamkonda,6,3,26.927,2.2267856020836545,968.5133333333334,1.6760765176438495,74.69975,15.53148628829609
Hanamkonda,6,4,26.6005,2.100456472997713,968.9366666666666,1.697647078235295,76.08891666666666,15.097012381598546
Hanamkonda,6,5,26.563333333333333,2.0046133068010668,969.6025000000001,1.7134888729277404,76.22600000000001,14.573198630339457
Hanamkonda,6,6,27.65983333333333,2.118266289404883,970.3408333333333,1.71985419712944,71.02633333333333,14.103711886010208
Hanamkonda,6,7,29.604750000000003,2.52810819179318,970.8716666666667,1.701269092945262,61.95425,13.87282027166488
Hanamkonda,6,8,31.59558333333333,2.9035888531765877,971.11,1.6864462162594878,53.936,13.388485796861909
Hanamkonda,6,9,33.30741666666667,3.141689717128586,970.9316666666667,1.6632449469339405,48.25416666666667,12.746596354613692
Hanamkonda,6,10,34.663916666666665,3.306955820648332,970.3983333333333,1.6581341814176154,44.27625,12.207917947350548
Hanamkonda,6,11,35.607,3.426662290594378,969.59,1.6655379931789724,41.635416666666664,11.897531690612626
Hanamkonda,6,12,36.122166666666665,3.500693612744211,968.7166666666667,1.6682569443862283,40.12716666666667,11.800867307773878
Hanamkonda,6,13,36.211416666666665,3.5250120199648047,967.9716666666667,1.6762394552940736,39.669333333333334,11.903526751835045
Hanamkonda,6,14,35.924166666666665,3.514380202437256,967.4575,1.6823684035840767,40.18066666666667,12.244943441598869
Hanamkonda,6,15,35.346916666666665,3.4787474312568563,967.2508333333334,1.683283896991603,41.59158333333333,12.897270833435279
Hanamkonda,6,16,34.4715,3.424486381165786,967.4175,1.649021227396285,44.445166666666665,14.05962130473268
Hanamkonda,6,17,33.08875,3.3527100696189605,967.9366666666666,1.6262000524671745,51.085,15.719930827140555
Hanamkonda,6,18,31.36075,3.0885029857970525,968.6,1.604772294640963,59.59408333333333,16.774573570746654
Hanamkonda,6,19,30.608,3.0107266494956333,969.2475,1.5902519487503608,62.0345,17.154160572816828
Hanamkonda,6,20,29.987166666666667,2.9296258926949057,969.77,1.5938748303395165,63.93683333333333,17.308970763149144
Hanamkonda,6,21,29.408583333333336,2.829961930982876,970.0841666666668,1.5937902518671505,65.955,17.290829016193143
Hanamkonda,6,22,28.876916666666666,2.7436152913531417,969.985,1.604230227195812,67.88308333333333,17.28225693301889
Hanamkonda,6,23,28.388916666666667,2.6669101486357523,969.5066666666667,1.641823813377576,69.59316666666668,17.195410174358326
Hanamkonda,7,0,25.289274193548387,1.1029481360759126,967.8209677419355,1.9670982381735744,87.17370967741937,7.368862359134753
Hanamkonda,7,1,25.02274193548387,1.0474827267991424,967.3475806451613,1.9545429137201427,87.90274193548387,6.97635895654638
Hanamkonda,7,2,24.77443548387097,1.01392203354734,967.1145161290323,1.9561740303807682,88.57959677419356,6.5769731836804235
Hanamkonda,7,3,24.54959677419355,0.9878714896126454,967.2,1.9904650761850242,89.17516129032258,6.108867403159421
Hanamkonda,7,4,24.34951612903226,0.9534804493105314,967.6161290322581,1.9860647488104373,89.73903225806451,5.578431230267247
Hanamkonda,7,5,24.32717741935484,0.9266054496512337,968.2387096774194,2.000882312593258,89.62338709677418,5.146876215314203
Hanamkonda,7,6,25.0675,0.9988038577926428,968.9637096774194,2.0239755886176525,86.29435483870968,5.756064916261823
Hanamkonda,7,7,26.37717741935484,1.260717669201627,969.5290322580646,2.058090289862758,79.74056451612903,7.581555314019921
Hanamkonda,7,8,27.861209677419353,1.5658425056262575,969.8145161290323,2.0733184409205494,72.45604838709677,9.09132677166454
Hanamkonda,7,9,29.223064516129032,1.8104067626393632,969.7258064516129,2.042072555018062,66.69048387096775,9.853316544110262
Hanamkonda,7,10,30.334032258064518,2.0033151059144694,969.2717741935484,1.995872182714877,62.56653225806452,10.307388938949982
Hanamkonda,7,11,31.119758064516127,2.162600235454933,968.5322580645161,1.9465436697039384,59.92943548387097,10.768048437781358
Hanamkonda,7,12,31.54782258064516,2.2699803231423483,967.7403225806452,1.9123866396007405,58.5925,11.258103395917571
Hanamkonda,7,13,31.639193548387098,2.3146773104831175,967.0483870967741,1.8915079316359933,58.43354838709678,11.768371432291362
Hanamkonda,7,14,31.410967741935483,2.2974218209421617,966.5999999999999,1.8698723924983602,59.41903225806452,12.349764582157967
Hanamkonda,7,15,30.889112903225808,2.2383022065031892,966.449193548387,1.8567607061649243,61.671129032258065,12.97653856721688
Hanamkonda,7,16,30.060725806451615,2.151528922579119,966.6701612903227,1.8606310599507696,66.03209677419355,13.325652214803906
Hanamkonda,7,17,28.809193548387096,1.9102894671785535,967.1870967741935,1.874951175166396,73.62701612903226,12.203189505762785
Hanamkonda,7,18,27.552500000000002,1.5933564435171315,967.8233870967742,1.8972427092278765,80.6917741935484,10.236777872792278
Hanamkonda,7,19,27.04516129032258,1.5085342500354544,968.4217741935485,1.9170845278203665,82.45120967741936,9.55324501908657
Hanamkonda,7,20,26.629758064516132,1.4111365791646053,968.8919354838711,1.9069234906140935,83.7000806451613,8.92080754811562
Hanamkonda,7,21,26.25701612903226,1.3117343944903472,969.183870967742,1.8959686413298904,84.82048387096773,8.388195815087892
Hanamkonda,7,22,25.89733870967742,1.2191307771616284,968.9556451612904,1.9050767613305732,85.76443548387097,7.900591446669416
Hanamkonda,7,23,25.56782258064516,1.1428601693297564,968.3959677419356,1.9306850039084316,86.5658064516129,7.535549903787938
Hanamkonda,8,0,24.61524193548387,0.643063632388187,970.5790322580646,1.6963506594824673,93.50346774193548,2.649514465216212
Hanamkonda,8,1,24.36064516129032,0.6096550296517265,970.0846774193549,1.656180558223399,93.97717741935485,2.3211328746810227
Hanamkonda,8,2,24.128709677419355,0.5898600739984489,969.8282258064515,1.6311281189614841,94.41556451612904,2.026744075765204
Hanamkonda,8,3,23.921209677419355,0.5829998016175257,969.9016129032258,1.6250570406983882,94.78846774193549,1.7751871740793963
Hanamkonda,8,4,23.74258064516129,0.5881746200639628,970.2637096774193,1.6313162263873908,95.04951612903226,1.5765558091136298
Hanamkonda,8,5,23.673951612903227,0.6021598234058856,970.8274193548388,1.6474340091735902,95.00774193548386,1.44513809996942
Hanamkonda,8,6,24.3075,0.6476519503409892,971.5491935483872,1.6844335598411377,92.47620967741935,1.962772053637333
Hanamkonda,8,7,25.44209677419355,0.8174999308257354,972.191129032258,1.727068671071688,87.66048387096774,3.5658704805826202
Hanamkonda,8,8,26.79008064516129,1.0630853211043554,972.550806451613,1.7298195764623785,81.31306451612903,5.190502768294578
Hanamkonda,8,9,27.97758064516129,1.2258512031667097,972.5524193548387,1.7105347288155317,76.02201612903225,6.003884241345561
Hanamkonda,8,10,28.88991935483871,1.336020359106683,972.1516129032258,1.6914170645752187,72.34846774193548,6.383932835337904
Hanamkonda,8,11,29.530483870967743,1.435956866235529,971.441129032258,1.6896630778201662,69.96427419354839,6.645720204003306
Hanamkonda,8,12,29.89701612903226,1.5192001424790844,970.6161290322581,1.681723230459064,68.69403225806451,6.900400473750635
Hanamkonda,8,13,29.995322580645162,1.5571411345738397,969.8733870967742,1.6892346306998116,68.51709677419356,7.156636441883181
Hanamkonda,8,14,29.83524193548387,1.5584511091755597,969.3709677419355,1.686328295707095,69.51862903225806,7.389021776975197
Hanamkonda,8,15,29.431774193548385,1.5331316843653824,969.1790322580645,1.67357628820643,71.92403225806451,7.667869921768518
Hanamkonda,8,16,28.71741935483871,1.4426623260276183,969.3153225806452,1.6819000267476722,76.68629032258065,7.3002286931258595
Hanamkonda,8,17,27.598387096774193,1.2677349284995836,969.7508064516129,1.6881459482883596,84.49395161290323,5.528666288036284
Hanamkonda,8,18,26.528548387096773,1.0400513539137697,970.3451612903226,1.6664237955744752,89.58725806451612,3.6136505737891453
Hanamkonda,8,19,26.114032258064515,0.9172687625177236,970.9951612903226,1.6291478563966053,90.41451612903225,3.648646782192153
Hanamkonda,8,20,25.775564516129034,0.8555132557495412,971.5758064516128,1.6166999896528227,91.07306451612902,3.618120200383298
Hanamkonda,8,21,25.456370967741936,0.802801329772962,971.8717741935484,1.6245354800165848,91.7791935483871,3.5104560648685967
Hanamkonda,8,22,25.151290322580646,0.7437107223946516,971.6983870967742,1.6515567364810322,92.45459677419356,3.275069514360254
Hanamkonda,8,23,24.866129032258065,0.6898388048749144,971.2177419354839,1.6814167655180912,93.04161290322581,2.990085347531615
Hanamkonda,9,0,24.164329896907216,0.655260614845495,970.5525773195877,1.8148744667047614,94.9259793814433,1.8449264098884235
Hanamkonda,9,1,23.95134020618557,0.6332285475804056,970.0113402061857,1.86021259362227,95.36484536082473,1.5945872724901666
Hanamkonda,9,2,23.763195876288663,0.6420321681838219,969.7082474226804,1.8834625750138139,95.68927835051547,1.5126819776357225
Hanamkonda,9,3,23.603711340206186,0.6745435487356568,969.7731958762887,1.8948128460746392,95.90134020618557,1.4559258429389448
Hanamkonda,9,4,23.466082474226805,0.7161755439791384,970.1742268041237,1.8709555463338186,96.05010309278352,1.312450391796898
Hanamkonda,9,5,23.364639175257732,0.7569553347892994,970.7762886597939,1.8466621462720603,96.12051546391753,1.196339356758444
Hanamkonda,9,6,23.943917525773195,0.6924737610868833,971.5092783505154,1.844195989800773,94.30082474226805,1.5208013718808762
Hanamkonda,9,7,24.969072164948454,0.7493706838549967,972.2319587628866,1.828167707008432,90.77639175257731,3.2438451930691605
Hanamkonda,9,8,26.25896907216495,1.090290944098641,972.6092783505155,1.8341143681526144,85.44639175257731,5.487893149463762
Hanamkonda,9,9,27.35835051546392,1.3963745322056125,972.5360824742268,1.8019772454520726,80.75505154639175,6.713543234219315
Hanamkonda,9,10,28.159896907216496,1.6053721627485105,972.1268041237114,1.7562101397562635,77.54876288659793,7.390761160864392
Hanamkonda,9,11,28.695257731958762,1.7424617958410566,971.3979381443299,1.7320495675549608,75.54113402061856,7.82171401669319
Hanamkonda,9,12,28.988453608247426,1.8182262076255025,970.5216494845362,1.752392816748716,74.47020618556701,8.090150902406648
Hanamkonda,9,13,29.04556701030928,1.8330359431556,969.760824742268,1.805175239706129,74.31865979381443,8.245318700741892
Hanamkonda,9,14,28.852474226804123,1.7828178952900138,969.2958762886598,1.842208679240589,75.39103092783506,8.287195756674887
Hanamkonda,9,15,28.45742268041237,1.697624736672853,969.2319587628866,1.8407169341360303,78.06371134020618,8.089591476035162
Hanamkonda,9,16,27.80556701030928,1.5567319997033329,969.5061855670103,1.7909968379479175,82.13690721649485,7.333755484178494
Hanamkonda,9,17,26.65824742268041,1.2541996205326833,970.0123711340206,1.7380699144428078,88.75515463917526,4.966817205507054
Hanamkonda,9,18,25.89103092783505,1.1038563883571255,970.6453608247423,1.6958294810699353,90.92,4.625114412999234
Hanamkonda,9,19,25.56896907216495,1.04442716011386,971.2649484536082,1.682077165609636,91.46979381443299,4.6536081385355885
Hanamkonda,9,20,25.25175257731959,0.9705861741636665,971.7938144329897,1.6905875724748154,92.20917525773197,4.263624160192996
Hanamkonda,9,21,24.944226804123712,0.8834742439317185,971.9237113402063,1.7011499294518913,92.95567010309279,3.6983689837595115
Hanamkonda,9,22,24.661546391752577,0.7999770051463267,971.678350515464,1.7152639983957294,93.6380412371134,3.1344346377427916
Hanamkonda,9,23,24.39298969072165,0.7177542594620705,971.2082474226804,1.752478607994362,94.31020618556701,2.412941228814184
Hanamkonda,10,0,22.725053763440858,2.0121314805211314,975.0978494623656,2.321214941184746,92.23290322580645,5.596567966298853
Hanamkonda,10,1,22.389247311827955,2.0619251433715258,974.578494623656,2.3472856415704877,93.28172043010754,5.075345056518841
Hanamkonda,10,2,22.079892473118278,2.116680386330803,974.3279569892474,2.378543836202908,94.24967741935482,4.566732361331023
Hanamkonda,10,3,21.813440860215056,2.177676012266115,974.4150537634409,2.3636259100648984,95.02225806451612,4.2771908012234094
Hanamkonda,10,4,21.583978494623654,2.2410110973984314,974.8838709677419,2.3508689569465466,95.69279569892474,4.02194857749092
Hanamkonda,10,5,21.388602150537636,2.3042623979683774,975.647311827957,2.3571164862957845,96.20817204301076,3.71996462881634
Hanamkonda,10,6,22.16731182795699,2.13794809174843,976.4860215053764,2.3646210928129694,94.2358064516129,2.6390637019597203
Hanamkonda,10,7,23.696666666666665,1.8131784087698006,977.1903225806451,2.3634473953237602,88.58301075268817,4.379626940869215
Hanamkonda,10,8,25.734516129032258,1.4584197196079653,977.6,2.352750471811412,80.39602150537634,6.864731404825841
Hanamkonda,10,9,27.400322580645163,1.197644837036513,977.5430107526881,2.3629107809180923,73.55967741935484,8.924242928749335
Hanamkonda,10,10,28.425698924731183,1.1530681169304138,976.8784946236559,2.3263541854512466,69.93021505376345,8.953968269953618
Hanamkonda,10,11,29.057311827956987,1.126331231481554,975.8688172043011,2.299620880598158,67.802688172043,8.884065748120273
Hanamkonda,10,12,29.385591397849463,1.1197432376156904,974.8408602150537,2.262320689946632,66.65225806451613,8.903645458710594
Hanamkonda,10,13,29.429032258064517,1.1197331441756557,974.0354838709678,2.234154112920717,66.41172043010752,9.023231444643312
Hanamkonda,10,14,29.17806451612903,1.118068266237057,973.5569892473119,2.206137577476236,67.34505376344086,9.276716836727157
Hanamkonda,10,15,28.634086021505375,1.1184619063688004,973.5483870967741,2.1802778494268087,70.21322580645162,9.34098113751982
Hanamkonda,10,16,27.601612903225803,1.1678531867998865,973.8956989247312,2.1648332588915413,76.28623655913978,7.802440241747461
Hanamkonda,10,17,25.682795698924732,1.4399489465522561,974.4580645161291,2.169969073143939,86.17129032258065,5.665149605800445
Hanamkonda,10,18,24.813548387096773,1.5491832667018104,975.1548387096774,2.1903204117917694,87.93376344086022,5.7699308476713815
Hanamkonda,10,19,24.4058064516129,1.6400234108752203,975.9010752688172,2.2146986557040584,88.43505376344085,5.754535946926522
Hanamkonda,10,20,24.048817204301074,1.7385393978744528,976.394623655914,2.2303424182124565,88.86978494623655,5.901444550221251
Hanamkonda,10,21,23.70978494623656,1.8370457016010575,976.4688172043011,2.2357266348521443,89.34752688172043,6.2275065943298555
Hanamkonda,10,22,23.352903225806454,1.9113963599632553,976.2182795698925,2.2403874973723648,90.12849462365593,6.3003236539079905
Hanamkonda,10,23,23.006666666666664,1.9707917926191663,975.8139784946236,2.242843274964649,90.99172043010752,6.184419874318101
Hanamkonda,11,0,18.971444444444444,2.9629883795466276,978.3488888888888,1.4139946159842822,88.32222222222222,5.468902438574552
Hanamkonda,11,1,18.493111111111112,3.0059991120545777,977.9011111111112,1.4152059003285131,90.51611111111112,5.127664052880318
Hanamkonda,11,2,18.058444444444444,3.068243984523443,977.6633333333333,1.409075719052229,92.6061111111111,4.873910986273996
Hanamkonda,11,3,17.663,3.146113153961265,977.7188888888888,1.4205470100423723,94.41822222222221,4.56394531124059
Hanamkonda,11,4,17.330666666666666,3.229994886418881,978.1088888888889,1.4165668614325317,95.79166666666667,4.273813456466502
Hanamkonda,11,5,17.049111111111113,3.2992067975702244,978.8266666666666,1.4203022308530733,96.80766666666668,3.9041812935663875
Hanamkonda,11,6,17.59088888888889,3.262889959283336,979.6544444444444,1.4253058895905164,95.46466666666666,3.3776799430604347
Hanamkonda,11,7,19.592444444444443,2.938445400766093,980.3766666666666,1.4334722517821339,86.93188888888889,3.9789109498788875
Hanamkonda,11,8,22.138555555555556,2.8200209422726674,980.8433333333332,1.4501491593177012,77.20766666666667,5.918990205785091
Hanamkonda,11,9,24.816666666666666,2.3581186559428304,980.8433333333332,1.4412112571168867,66.16677777777778,6.800925222544851
Hanamkonda,11,10,26.447555555555557,2.1690987675002353,980.1522222222222,1.4568881549830421,60.45211111111111,7.287272958969415
Hanamkonda,11,11,27.41522222222222,2.1674518917086503,979.0555555555555,1.4810496665731294,57.519555555555556,7.631012849132185
Hanamkonda,11,12,27.97422222222222,2.1839151410530704,977.9422222222222,1.4867185627730208,55.82111111111111,7.97110321047281
Hanamkonda,11,13,28.143666666666665,2.193821994561142,977.0400000000001,1.4769996919050585,55.187555555555555,8.337704573385809
Hanamkonda,11,14,27.892999999999997,2.2053104701295276,976.5477777777778,1.4943509942054125,55.879555555555555,8.786502661112259
Hanamkonda,11,15,27.211555555555556,2.209102675683131,976.5088888888889,1.4853323650639503,58.96022222222222,9.101392161417122
Hanamkonda,11,16,25.580444444444442,2.366070516254779,976.8488888888888,1.4950287994252944,70.1708888888889,8.106852371961276
Hanamkonda,11,17,23.117,2.6279972508664806,977.4266666666666,1.481708700844198,78.29833333333333,7.36087489456811
Hanamkonda,11,18,22.285444444444444,2.714675953145561,978.1466666666666,1.4849204571440378,78.96833333333333,7.355225956855749
Hanamkonda,11,19,21.692333333333334,2.777349415410476,978.8722222222223,1.4735898060025612,79.80922222222222,7.193941931365598
Hanamkonda,11,20,21.119444444444444,2.820875376569721,979.3044444444444,1.4530024019336674,80.843,7.033190726672551
Hanamkonda,11,21,20.54866666666667,2.856108848207467,979.3855555555555,1.4343742409744293,82.23133333333332,6.785621646068653
Hanamkonda,11,22,19.97388888888889,2.886145789042107,979.1522222222222,1.438259542593147,84.02533333333334,6.5151593666643075
Hanamkonda,11,23,19.420777777777776,2.9142645024966183,978.7744444444444,1.4455325297729473,86.11711111111111,6.0686363061835555
Hanamkonda,12,0,17.115806451612904,3.105311131432951,978.858064516129,2.0989294673322987,82.18494623655914,10.82361685346245
Hanamkonda,12,1,16.546881720430108,3.2343633801705596,978.416129032258,2.096440581939888,84.8736559139785,10.251895454112715
Hanamkonda,12,2,16.051612903225806,3.3569659212380225,978.1301075268818,2.1077385855067723,87.32193548387096,9.746368025651632
Hanamkonda,12,3,15.632258064516128,3.4719829345629303,978.17311827957,2.1298162701400822,89.43913978494624,9.304903412333545
Hanamkonda,12,4,15.269784946236559,3.5880229443108846,978.568817204301,2.1486081690360437,91.12548387096774,8.564334223232821
Hanamkonda,12,5,14.961720430107528,3.6939644144068544,979.2838709677419,2.191152680697114,92.62483870967742,7.881539191557094
Hanamkonda,12,6,15.219354838709679,3.685842422276258,980.1462365591399,2.2250822720394647,92.40956989247312,7.231504581250632
Hanamkonda,12,7,17.38956989247312,3.250175551773252,981.0,2.2731418594191086,83.15516129032258,6.968285238025586
Hanamkonda,12,8,19.983548387096775,3.1167160271396073,981.6064516129031,2.276047606460014,72.89408602150537,8.558478917647932
Hanamkonda,12,9,22.998817204301073,2.6824979636372865,981.605376344086,2.234286462862383,61.29752688172043,10.523079051791246
Hanamkonda,12,10,25.1947311827957,2.3140119458739843,980.936559139785,2.194894517928817,53.200752688172045,11.165675395424948
Hanamkonda,12,11,26.53516129032258,2.2219011703177043,979.8236559139785,2.1740264112562384,48.86677419354838,11.28484344840366
Hanamkonda,12,12,27.29483870967742,2.257081422941941,978.5677419354839,2.153771277384734,46.663655913978495,11.381439198455707
Hanamkonda,12,13,27.583548387096773,2.2927483247808564,977.558064516129,2.149384268790197,45.69376344086022,11.66848346336129
Hanamkonda,12,14,27.356989247311827,2.2810184533812374,977.0311827956989,2.136279704788708,46.06010752688172,12.162433385547384
Hanamkonda,12,15,26.586236559139785,2.24304185639022,976.9978494623656,2.1266414884908147,49.09344086021505,12.712047648710838
Hanamkonda,12,16,24.463118279569894,2.235264296450941,977.3645161290322,2.1109262937563287,63.454301075268816,10.103095349817252
Hanamkonda,12,17,22.02505376344086,2.1842208956493203,977.9688172043011,2.079923623943872,68.11526881720431,10.796146513757444
Hanamkonda,12,18,21.165483870967744,2.1850552257119125,978.7827956989248,2.051331680720921,69.23924731182795,11.171123998229733
Hanamkonda,12,19,20.456881720430108,2.257713819858401,979.4655913978495,2.0075127712873546,70.57193548387096,11.585735819275929
Hanamkonda,12,20,19.766451612903225,2.392402669485079,979.8752688172042,1.9837193828753175,72.15956989247312,11.821376355713898
Hanamkonda,12,21,19.056236559139784,2.557699337285999,979.952688172043,1.9783387518126865,74.18505376344086,11.89511012282083
Hanamkonda,12,22,18.34032258064516,2.7366857342146793,979.7043010752689,1.9845004835569764,76.60763440860215,11.68603871570218
Hanamkonda,12,23,17.65311827956989,2.9015187097129655,979.336559139785,2.0353818649428472,79.24537634408601,11.206906697981406
Hyderabad,1,0,17.057419354838707,1.7050731910799062,958.2330645161289,1.6663929095916261,77.295,13.288574192329314
Hyderabad,1,1,16.468145161290323,1.7769698182170826,957.741935483871,1.6862474224702775,81.48056451612904,14.600174868226599
Hyderabad,1,2,15.996370967741935,1.8726870111558684,957.4435483870968,1.6963970397105719,84.81322580645161,15.32811161786523
Hyderabad,1,3,15.647419354838709,1.9559855482564774,957.441129032258,1.7019363480485272,86.8733064516129,15.360176030165848
Hyderabad,1,4,15.40508064516129,2.0110283321706524,957.8040322580645,1.6932865620044693,88.14701612903225,15.131346131113881
Hyderabad,1,5,15.202499999999999,2.0487773966778837,958.5120967741935,1.6792174300996485,89.02008064516129,14.844518273008092
Hyderabad,1,6,15.646209677419355,2.0035199077420214,959.3838709677419,1.6659862235433953,88.50467741935483,14.255310488757093
Hyderabad,1,7,18.329919354838708,1.5847394676839948,960.266129032258,1.6616617745900983,76.11016129032258,13.42855070204949
Hyderabad,1,8,21.376774193548385,1.7128564780653872,960.9362903225807,1.6547214870123486,61.77032258064516,12.044203945283533
Hyderabad,1,9,24.5258064516129,1.7951497873387712,961.0096774193548,1.6294754183473072,48.70822580645161,11.889345715475379
Hyderabad,1,10,26.551290322580645,1.8784455464891947,960.3846774193548,1.62541023488876,41.5233064516129,10.744064704611036
Hyderabad,1,11,27.903225806451612,1.9591339335877775,959.2830645161291,1.6495242859041335,37.32403225806452,9.82047271885194
Hyderabad,1,12,28.728629032258063,2.031762555215619,958.0008064516129,1.681148270364594,34.81612903225806,9.337957917259857
Hyderabad,1,13,29.054435483870968,2.097331367648549,956.9153225806451,1.7150242054201266,33.55887096774194,9.155283357115115
Hyderabad,1,14,28.843145161290323,2.155740442819049,956.3338709677419,1.7489549537852167,33.45451612903226,9.273181048369286
Hyderabad,1,15,28.04959677419355,2.189812851339572,956.2798387096774,1.7661671255114106,34.92790322580645,9.766147044158181
Hyderabad,1,16,25.90225806451613,2.302966922973151,956.6314516129032,1.7809455301551478,46.73153225806452,11.71834216779629
Hyderabad,1,17,22.414516129032258,2.2202619617062167,957.2620967741935,1.7810927833085453,58.446854838709676,12.008379957951412
Hyderabad,1,18,21.231612903225805,2.142995922472698,958.1233870967742,1.7595319439970423,60.45556451612903,11.852766155306924
Hyderabad,1,19,20.45217741935484,2.0648162029600337,958.8870967741935,1.7110814220355082,62.2325,11.698389968090845
Hyderabad,1,20,19.753548387096775,1.9430029535012159,959.2814516129032,1.68809157341693,64.13266129032257,11.460357129814044
Hyderabad,1,21,19.096290322580646,1.815351191243135,959.3112903225807,1.6774065191463403,66.30298387096774,11.377330403995881
Hyderabad,1,22,18.440967741935484,1.7180526030708227,959.0266129032258,1.676771426892654,69.07870967741935,11.588326686571378
Hyderabad,1,23,17.770887096774196,1.672335406169007,958.6443548387097,1.6682741395745442,72.67532258064516,12.18919856609587
Hyderabad,2,0,20.04070796460177,1.8333993197717653,957.3522123893806,1.8947812418556327,54.993539823008845,17.323601567986557
Hyderabad,2,1,19.35858407079646,1.8406403521099457,956.8451327433628,1.900798288616533,59.38407079646017,18.85050599155896
Hyderabad,2,2,18.740707964601768,1.847850931687826,956.5646017699115,1.9079214734693788,63.6683185840708,20.25826100907686
Hyderabad,2,3,18.175929203539823,1.814084596570552,956.6070796460177,1.8966001919863644,67.52734513274336,21.318996182885616
Hyderabad,2,4,17.730530973451327,1.7946293094695294,957.0424778761062,1.8838033957611235,70.40044247787611,21.843449589774885
Hyderabad,2,5,17.38849557522124,1.7967730107646855,957.8610619469027,1.8577748608559752,72.39699115044247,22.097659656501282
Hyderabad,2,6,18.32769911504425,1.744818353649272,958.7911504424778,1.8419980185600604,69.77380530973451,21.38256922449519
Hyderabad,2,7,21.562389380530973,1.5670435507305533,959.6451327433628,1.8366794159201307,56.801504424778756,18.81696025537101
Hyderabad,2,8,25.720442477876105,1.998673841299228,960.2513274336283,1.8402307233182151,41.32132743362832,15.125585437573315
Hyderabad,2,9,29.047610619469026,2.1345040718497974,960.3522123893806,1.83877372496748,31.398849557522126,12.416903207797336
Hyderabad,2,10,31.05929203539823,2.121870265327836,959.6699115044247,1.8269747122610769,26.690973451327434,10.423341334699064
Hyderabad,2,11,32.41548672566371,2.1407929902385145,958.4973451327434,1.8192158915799872,23.978584070796458,9.27326513109216
Hyderabad,2,12,33.25026548672567,2.1599617474196333,957.1911504424779,1.8139123818284586,22.315309734513274,8.595295959210612
Hyderabad,2,13,33.56079646017699,2.1709211102963275,956.0398230088496,1.8271533198144072,21.43902654867257,8.237250751117687
Hyderabad,2,14,33.30424778761062,2.185254073700475,955.3265486725663,1.8239976552261803,21.313628318584072,8.215747516414838
Hyderabad,2,15,32.51008849557522,2.17687829224361,955.20796460177,1.8249335405178828,21.927079646017702,8.472736811323541
Hyderabad,2,16,30.852566371681416,2.2913415357606355,955.5380530973451,1.8377159049090162,25.72345132743363,10.807274234275816
Hyderabad,2,17,26.782389380530972,2.3168945789323736,956.1787610619468,1.848911423331963,35.76088495575221,14.856239403357131
Hyderabad,2,18,25.055486725663716,2.231571751971515,957.0300884955751,1.8541885477669569,38.345929203539825,14.838261572534135
Hyderabad,2,19,24.117876106194693,2.221265104188313,957.8902654867258,1.85318088517371,40.09070796460177,14.777626532122225
Hyderabad,2,20,23.253893805309733,2.175445945099665,958.370796460177,1.8598522126352919,42.04424778761062,14.648692153062532
Hyderabad,2,21,22.438672566371682,2.0795816476709814,958.4442477876106,1.8791115897211732,44.28,14.606626431667431
Hyderabad,2,22,21.66787610619469,1.9757717530695598,958.2168141592921,1.9026721179354789,46.983805309734514,14.902075138249797
Hyderabad,2,23,20.9229203539823,1.914458465680088,957.8495575221239,1.9247506282728142,50.36274336283186,15.701532980651224
Hyderabad,3,0,23.85258064516129,1.9926829040379475,955.25,2.1008902487750856,51.32677419354838,14.98168174416865
Hyderabad,3,1,23.096693548387094,1.9863979418466662,954.7475806451613,2.11788603414021,55.77612903225806,16.064330213830505
Hyderabad,3,2,22.45024193548387,1.993086613756268,954.4790322580644,2.132606870473696,59.83838709677419,17.23936110652401
Hyderabad,3,3,21.931370967741934,1.983955699855135,954.5483870967741,2.1182706503477853,63.148548387096774,18.295220340476437
Hyderabad,3,4,21.512500000000003,1.9634872846731588,955.0217741935484,2.0897177809171814,65.69733870967742,19.174102584817973
Hyderabad,3,5,21.16516129032258,1.9463910668609339,955.7733870967742,2.1047800368232017,67.61653225806452,19.84038461977841
Hyderabad,3,6,22.546693548387097,1.8280371639558002,956.6701612903227,2.1202461829260986,62.6383064516129,18.460288678246226
Hyderabad,3,7,25.593870967741935,1.7941298634589296,957.4709677419354,2.129306700158773,49.46693548387096,15.730072084010347
Hyderabad,3,8,29.644112903225807,2.1239401994616203,957.9846774193549,2.130958193378079,34.571129032258064,12.642282790780984
Hyderabad,3,9,32.50104838709677,2.231146053732661,957.933870967742,2.1551559314597344,27.03975806451613,10.16948292037607
Hyderabad,3,10,34.35572580645161,2.2349901050642504,957.2919354838709,2.1190424580204494,23.455725806451614,8.660851379823674
Hyderabad,3,11,35.60266129032258,2.238807067970595,956.175,2.079267577426399,21.399838709677418,7.74018959284096
Hyderabad,3,12,36.34596774193548,2.2246848390496337,954.8870967741935,2.0476029111172127,20.16483870967742,7.112022854256373
Hyderabad,3,13,36.58153225806451,2.21396126035791,953.7435483870968,2.0207155593065558,19.584274193548385,6.843416891690507
Hyderabad,3,14,36.3091129032258,2.1816824313019705,952.9749999999999,2.0148079857674266,19.576048387096773,6.783859229555116
Hyderabad,3,15,35.55612903225806,2.1155128574135387,952.7556451612903,2.027105045362851,20.121774193548386,6.831728827893069
Hyderabad,3,16,34.262741935483874,2.0803925281236335,953.0225806451613,2.0458500016413783,21.71725806451613,7.311783155186632
Hyderabad,3,17,31.208548387096776,2.289442611026618,953.6209677419355,2.0689447525718974,29.300645161290323,10.714155118607636
Hyderabad,3,18,29.22193548387097,2.346055564399739,954.4169354838709,2.080522205171154,33.061209677419356,12.009482133981034
Hyderabad,3,19,28.37532258064516,2.4035459696933312,955.2612903225806,2.0771975209506883,34.46741935483871,11.99517659639946
Hyderabad,3,20,27.53790322580645,2.38894414007104,955.8895161290322,2.057143751508832,36.30782258064516,12.194197644613963
Hyderabad,3,21,26.65266129032258,2.2932598691453325,956.1185483870968,2.033914361959725,38.87387096774193,12.556285616017982
Hyderabad,3,22,25.728629032258063,2.1704071532451215,956.0024193548387,2.020764715174386,42.37927419354838,13.11458780480959
Hyderabad,3,23,24.818790322580647,2.066189530316649,955.6483870967742,2.026029152149698,46.612258064516126,13.912467640045039
Hyderabad,4,0,27.561833333333333,2.013498557878061,952.7666666666667,1.774484578182407,48.86683333333334,12.718029879096932
Hyderabad,4,1,26.794666666666668,1.9888428007951033,952.3016666666666,1.7830190303933993,52.61258333333333,13.570758572323484
Hyderabad,4,2,26.13975,1.98144691317933,952.0475,1.774419658944979,55.79766666666667,14.231412157224442
Hyderabad,4,3,25.606916666666667,1.9687315354165025,952.2,1.7590581895677733,58.40525,14.843257528407367
Hyderabad,4,4,25.178416666666667,1.941517640738741,952.7408333333333,1.7412202730314035,60.4605,15.343768661013138
Hyderabad,4,5,24.92575,1.9609402917302439,953.4691666666666,1.7280092900336916,61.80525,15.872555033715251
Hyderabad,4,6,26.580416666666668,1.9281642751562431,954.2916666666666,1.7286310381646601,55.76283333333333,14.88889525749965
Hyderabad,4,7,29.575833333333332,2.0359696483404632,955.0491666666666,1.7489010154679592,43.70375,12.263118036233209
Hyderabad,4,8,33.003166666666665,2.249035641453157,955.3925,1.7618822297748922,32.543416666666666,9.995881042115458
Hyderabad,4,9,35.41791666666666,2.23663759337306,955.2166666666667,1.761174805258663,26.88675,8.026221958591192
Hyderabad,4,10,37.191833333333335,2.210703520606594,954.6008333333334,1.7647575039135266,23.606166666666663,6.84431287972125
Hyderabad,4,11,38.42666666666666,2.2133139278957623,953.6108333333334,1.7379015566850395,21.621916666666667,6.209058480952484
Hyderabad,4,12,39.13666666666666,2.237875017474735,952.4016666666666,1.71547496097631,20.49416666666667,5.949910045691513
Hyderabad,4,13,39.3405,2.283807027271593,951.2975,1.7029614590742657,20.01175,5.983762434969429
Hyderabad,4,14,39.07675,2.2885190846572203,950.5416666666666,1.7045457431457725,20.0485,6.121316474268527
Hyderabad,4,15,38.39258333333333,2.2549808532356495,950.2383333333333,1.7342900290211154,20.56525,6.300760253247822
Hyderabad,4,16,37.327,2.196968346600921,950.4041666666667,1.7761442439593345,21.790916666666664,6.807690287595398
Hyderabad,4,17,35.33458333333333,2.2533809876161968,950.9675000000001,1.8055545715719303,27.000833333333333,8.984982296184286
Hyderabad,4,18,33.190083333333334,2.2821306187561707,951.73,1.8087369658866002,31.882916666666667,11.541958923480731
Hyderabad,4,19,32.32658333333333,2.3000695991783435,952.5008333333334,1.8021227368143846,33.158166666666666,11.569955802980116
Hyderabad,4,20,31.472916666666666,2.2804549140129766,953.1183333333333,1.8004193411318188,34.905166666666666,11.46193854747557
Hyderabad,4,21,30.520416666666666,2.2165782532229863,953.495,1.8020459893963625,37.43091666666667,11.450840048141586
Hyderabad,4,22,29.51066666666667,2.1546801643502125,953.4866666666666,1.7962113879329416,40.81375,11.68620907129353
Hyderabad,4,23,28.522,2.114883472165864,953.1383333333334,1.7960359400744754,44.82033333333333,12.428776242235271
Hyderabad,5,0,27.899032258064516,2.277059657074841,950.2322580645161,2.460998157833742,63.130403225806454,18.331703552060834
Hyderabad,5,1,27.30556451612903,2.1209091862433986,949.7758064516129,2.4627095583398497,66.12959677419354,17.81459634472581
Hyderabad,5,2,26.787822580645162,1.9661201778203465,949.616935483871,2.4626220996247414,68.76741935483871,17.149116826247145
Hyderabad,5,3,26.339435483870968,1.8499172921170672,949.8096774193548,2.4688768176286935,70.88806451612903,16.594793270876288
Hyderabad,5,4,25.94709677419355,1.7584355455331284,950.300806451613,2.4858132747716586,72.5232258064516,16.284454233168947
Hyderabad,5,5,25.826129032258066,1.702859245278827,950.9943548387097,2.4992129629228823,72.90467741935484,15.965455158926137
Hyderabad,5,6,27.292258064516126,1.832898472613812,951.8024193548387,2.4992507400691797,65.72717741935485,15.370672135172411
Hyderabad,5,7,29.848064516129032,2.1710570942222893,952.417741935484,2.510078818025182,53.96725806451612,14.48351551554245
Hyderabad,5,8,32.476048387096775,2.5321332689944644,952.6927419354838,2.4909649218334,44.11870967741935,13.781349950262964
Hyderabad,5,9,34.5508870967742,2.8420386625637133,952.5362903225806,2.466534868290054,37.90862903225806,13.147466251596686
Hyderabad,5,10,36.15798387096774,3.134423088432499,951.9459677419355,2.452852966190129,33.83879032258065,12.781639626155705
Hyderabad,5,11,37.332822580645164,3.3863243762632327,951.0814516129033,2.431746902463268,31.155887096774194,12.606814392437158
Hyderabad,5,12,38.065241935483876,3.5812280365727123,950.0798387096773,2.401895587405563,29.518548387096775,12.596934114902744
Hyderabad,5,13,38.31032258064516,3.688020584277569,949.1532258064516,2.3736163443621967,28.753387096774194,12.738268052884946
Hyderabad,5,14,38.06653225806452,3.7020343878342157,948.491935483871,2.3663149895882962,28.77717741935484,13.068266881470539
Hyderabad,5,15,37.453870967741935,3.6506833550480744,948.1975806451613,2.3366108355255286,29.486693548387095,13.659195760215642
Hyderabad,5,16,36.454758064516135,3.5486045496694105,948.3145161290323,2.3140326096313335,31.31435483870968,14.687069156009004
Hyderabad,5,17,34.729516129032255,3.3502866895501238,948.8516129032258,2.296001610115489,37.596693548387094,16.43999785975963
Hyderabad,5,18,32.55935483870968,3.0753480183617294,949.5572580645162,2.298397228296355,46.483306451612904,19.00214235768553
Hyderabad,5,19,31.68991935483871,2.973514385087372,950.266129032258,2.3243457719900698,48.46403225806451,19.213598712334605
Hyderabad,5,20,30.87927419354839,2.828887044041612,950.8096774193548,2.340641957486032,50.726290322580645,19.117254602185525
Hyderabad,5,21,30.066854838709677,2.6641761846740764,951.1693548387096,2.371997114688388,53.535403225806455,18.797498812999166
Hyderabad,5,22,29.287419354838708,2.5110742918389604,951.141129032258,2.405380557311424,56.737338709677424,18.425853615988565
Hyderabad,5,23,28.555967741935483,2.3624029792457795,950.7443548387097,2.4369880923994285,60.137258064516125,18.12585053070108
Hyderabad,6,0,26.411,2.3011547703948394,949.1241666666666,1.5953712369707365,73.81066666666668,15.150681917888415
Hyderabad,6,1,25.966749999999998,2.163942543583993,948.6574999999999,1.6075275916708665,75.43108333333333,14.663388856812954
Hyderabad,6,2,25.551583333333333,2.029049947752937,948.4633333333334,1.6256832220255368,77.1085,14.124674438131064
Hyderabad,6,3,25.1915,1.9108160296479761,948.5541666666667,1.6450024052156371,78.731,13.68409752384192
Hyderabad,6,4,24.898666666666667,1.8128713161621757,948.9208333333333,1.6781790768585116,80.187,13.286933215972537
Hyderabad,6,5,24.853,1.7466672226141502,949.5258333333334,1.6912774662328713,80.52950000000001,12.826749743859377
Hyderabad,6,6,25.949666666666666,1.8573596210493968,950.2566666666667,1.7063269970109125,75.11208333333335,12.452560797408905
Hyderabad,6,7,27.897166666666667,2.194282173673906,950.77,1.704004181949374,65.29366666666667,12.313532416013864
Hyderabad,6,8,29.8905,2.5228088421007056,951.0291666666667,1.6798057027166853,56.61841666666667,12.085952676303078
Hyderabad,6,9,31.625583333333335,2.7822044931558705,950.92,1.6726469738589798,50.528999999999996,11.748332504600624
Hyderabad,6,10,32.97666666666667,2.997146355203531,950.4408333333333,1.6586162012597363,46.43008333333333,11.513486611039124
Hyderabad,6,11,33.90183333333333,3.1636552052496354,949.6958333333333,1.661951663958114,43.778083333333335,11.422043209751669
Hyderabad,6,12,34.38491666666666,3.2586451264634637,948.8775,1.6544039775727333,42.309916666666666,11.44130615566331
Hyderabad,6,13,34.46775,3.285715573163799,948.1725,1.6695977727252307,41.8655,11.544602059953778
Hyderabad,6,14,34.16675,3.252211700578267,947.6833333333333,1.6625551527255331,42.43241666666667,11.773235206173707
Hyderabad,6,15,33.584250000000004,3.238450107171432,947.485,1.6403345631277604,43.96516666666666,12.359176428419309
Hyderabad,6,16,32.700916666666664,3.2058410440506697,947.6691666666667,1.596992753377977,46.92425,13.388526108782333
Hyderabad,6,17,31.367583333333336,3.1054265315052985,948.1791666666667,1.543318253793752,53.26241666666667,14.64889613507415
Hyderabad,6,18,29.698333333333334,2.805974518273268,948.8199999999999,1.5233532229974611,61.91283333333333,15.159992360662653
Hyderabad,6,19,28.90583333333333,2.7468773970044005,949.455,1.512738626220889,65.13233333333334,15.73355049937955
Hyderabad,6,20,28.277916666666666,2.680984359494535,949.9449999999999,1.5202194666858846,67.41191666666667,15.91798841308309
Hyderabad,6,21,27.724749999999997,2.590215578614547,950.2583333333333,1.5318788010363082,69.45691666666667,15.905833283106302
Hyderabad,6,22,27.21033333333333,2.487681899378015,950.1641666666667,1.5502125543245484,71.40983333333334,15.683674806440408
Hyderabad,6,23,26.738916666666668,2.3916162376709424,949.6933333333333,1.5612284181596858,73.08391666666667,15.416916131905479
Hyderabad,7,0,24.181290322580644,1.0820523766998746,948.0362903225806,1.8123934082442075,86.94798387096773,7.581763526950666
Hyderabad,7,1,23.874758064516126,1.0243256466682067,947.5362903225806,1.8084415730560937,88.09185483870968,6.835538811282216
Hyderabad,7,2,23.599435483870966,0.9659843140500882,947.2717741935484,1.8080920404243035,89.15048387096775,6.041869206115163
Hyderabad,7,3,23.364758064516128,0.9048832864682369,947.3040322580645,1.849473631712027,90.09258064516129,5.203301464614067
Hyderabad,7,4,23.17806451612903,0.8454158330450045,947.6516129032258,1.8785257959397488,90.85290322580646,4.415001730831089
Hyderabad,7,5,23.144274193548387,0.8115970138095303,948.2274193548387,1.8879308030276432,90.93774193548387,3.865956446978482
Hyderabad,7,6,23.91306451612903,0.8842085041044659,948.9379032258065,1.9131378363313658,87.0725806451613,4.630092603152621
Hyderabad,7,7,25.323145161290324,1.1545557460022464,949.4911290322581,1.9116677304569551,79.21370967741936,6.868350942038048
Hyderabad,7,8,26.92508064516129,1.4991924633695197,949.7935483870967,1.9081230694182718,70.94137096774193,8.724389263659987
Hyderabad,7,9,28.393145161290324,1.78644142203618,949.7096774193549,1.8754043186764338,64.50387096774193,9.678357274244982
Hyderabad,7,10,29.613870967741935,2.0164823713454667,949.2814516129032,1.83291348934647,59.91016129032258,10.238054707873772
Hyderabad,7,11,30.49233870967742,2.22531923675711,948.5709677419355,1.7675840934468383,56.94338709677419,10.793527862513558
Hyderabad,7,12,30.993790322580644,2.3827304119099484,947.7854838709677,1.7262532173668663,55.34145161290323,11.315954036751265
Hyderabad,7,13,31.093387096774194,2.450511440594098,947.1040322580644,1.7136182987315642,55.0533064516129,11.767291081000705
Hyderabad,7,14,30.807096774193546,2.4270587687531116,946.683064516129,1.6986710144450916,56.13943548387097,12.243798848716693
Hyderabad,7,15,30.203064516129032,2.344255798294281,946.5548387096775,1.7040532664061991,58.546048387096775,12.810796502248792
Hyderabad,7,16,29.306048387096773,2.239237972352793,946.792741935484,1.7164992445202154,62.77322580645161,13.425644345614794
Hyderabad,7,17,28.03467741935484,2.0100371858728536,947.3483870967742,1.725254022581535,69.83822580645162,13.102181103624472
Hyderabad,7,18,26.699274193548387,1.6325381372988237,947.9983870967742,1.7578619622160896,77.0265322580645,11.423209439262681
Hyderabad,7,19,26.09209677419355,1.510715263855102,948.6040322580644,1.7872811341838524,79.71298387096775,10.618989508357158
Hyderabad,7,20,25.631693548387098,1.4134491755951317,949.0604838709677,1.7903907257795209,81.5900806451613,10.009137329197973
Hyderabad,7,21,25.226854838709677,1.3057635631391804,949.3612903225807,1.7738254869397563,83.23838709677419,9.383450349782002
Hyderabad,7,22,24.851854838709677,1.2089741448111821,949.1774193548387,1.7651936815207814,84.64120967741935,8.770245854360164
Hyderabad,7,23,24.501774193548385,1.1341506247645483,948.6395161290322,1.7932039069136056,85.89508064516129,8.152169594600844
Hyderabad,8,0,23.56483870967742,0.6403625546643149,950.9758064516129,1.8050683372303997,93.36129032258064,2.8737293318527946
Hyderabad,8,1,23.299032258064514,0.6152088935400689,950.4524193548388,1.7708325041265427,93.9691935483871,2.519266765431002
Hyderabad,8,2,23.06435483870968,0.6070871971436612,950.1733870967741,1.7128927118864847,94.52241935483872,2.138667380443997
Hyderabad,8,3,22.86524193548387,0.6117713368846429,950.2177419354839,1.7085651464579,94.95024193548387,1.7916411442506655
Hyderabad,8,4,22.69451612903226,0.6214739296754094,950.5653225806452,1.7140758421542097,95.28298387096774,1.4375006425385415
Hyderabad,8,5,22.604112903225804,0.6503232618266122,951.1040322580644,1.7326327161381645,95.34145161290323,1.2885503883553386
Hyderabad,8,6,23.19193548387097,0.7335598439011737,951.7870967741936,1.7570285217750614,92.76395161290323,1.9554679719978802
Hyderabad,8,7,24.359193548387097,0.92434780063751,952.4169354838709,1.788614478276786,87.11540322580645,3.9782852455076223
Hyderabad,8,8,25.791209677419356,1.1700348078638074,952.7588709677419,1.794572308889613,80.05508064516128,5.711382515411306
Hyderabad,8,9,27.081612903225807,1.3012904083972296,952.758064516129,1.807576501510145,74.26209677419355,6.413252573844601
Hyderabad,8,10,28.11258064516129,1.3918589493576214,952.383064516129,1.8315536864566462,70.16008064516129,6.71618727688254
Hyderabad,8,11,28.835,1.456859580535606,951.6959677419355,1.8415440319783765,67.50112903225806,6.8853115970225645
Hyderabad,8,12,29.23040322580645,1.5231564355456013,950.8798387096774,1.8283663612662018,66.13596774193549,7.11073343264747
Hyderabad,8,13,29.32209677419355,1.5949489755039359,950.1500000000001,1.8096624129324022,65.97274193548387,7.4942551806933455
Hyderabad,8,14,29.153306451612902,1.6330298648433323,949.6556451612903,1.7701822247548828,66.93959677419355,7.94024117501401
Hyderabad,8,15,28.734032258064516,1.62743147388853,949.4782258064516,1.7286472216417186,69.23435483870968,8.367819236059935
Hyderabad,8,16,27.956935483870968,1.503113937131497,949.6177419354839,1.6757014493922582,74.11629032258064,8.121041671714694
Hyderabad,8,17,26.73758064516129,1.2251539614333546,950.0766129032259,1.6175414884398178,82.51508064516129,5.89628800081589
Hyderabad,8,18,25.556048387096773,0.9357235525225097,950.6879032258065,1.5882491634477767,88.515,3.7898157279784086
Hyderabad,8,19,25.09524193548387,0.8406215893245321,951.3491935483871,1.6071231666563845,89.8533064516129,3.532491859097795
Hyderabad,8,20,24.737822580645158,0.7927922871363459,951.933870967742,1.6740432091622341,90.79306451612904,3.4599563363519987
Hyderabad,8,21,24.41032258064516,0.7468589351942345,952.2532258064516,1.7103432586524894,91.6575806451613,3.307989434556063
Hyderabad,8,22,24.108548387096775,0.7070063919725632,952.0943548387097,1.7532456508117047,92.3366129032258,3.198622134021926
Hyderabad,8,23,23.81967741935484,0.668256967618387,951.6193548387097,1.7947836529428118,92.90806451612903,3.1375814509997184
Hyderabad,9,0,23.152886597938142,0.6694073230024801,950.5422680412372,1.929963031357226,95.19463917525772,1.950970411239662
Hyderabad,9,1,22.943298969072163,0.7037395967991942,949.99793814433,2.0080556195319685,95.48020618556701,1.8133727665259547
Hyderabad,9,2,22.740721649484534,0.7507749432845491,949.6824742268041,2.059885226843087,95.71422680412371,1.6736417596638518
Hyderabad,9,3,22.559690721649485,0.7992450260613762,949.7175257731959,2.0719360063556334,95.91432989690722,1.4954005227254996
Hyderabad,9,4,22.41443298969072,0.8430808693320454,950.1,2.0161845153656053,96.0480412371134,1.3890356660702148
Hyderabad,9,5,22.302061855670104,0.8675179370675975,950.6742268041237,1.9400536048497836,96.16577319587628,1.297883561684457
Hyderabad,9,6,22.81659793814433,0.7703055219061057,951.3865979381443,1.862157623227917,94.52216494845361,1.705193798128314
Hyderabad,9,7,23.84185567010309,0.7475116079044458,952.0958762886598,1.8099791392543807,90.81216494845361,3.5978915199287465
Hyderabad,9,8,25.16340206185567,1.0432130720738237,952.4711340206185,1.781675169309688,85.13247422680412,5.9444690733851875
Hyderabad,9,9,26.348865979381443,1.3482935791589983,952.4164948453607,1.7465847873046776,79.86371134020618,7.491909569605136
Hyderabad,9,10,27.241340206185566,1.5541682052266594,952.0237113402062,1.733359767178852,76.18773195876288,8.295638852377332
Hyderabad,9,11,27.83979381443299,1.6854079497393748,951.3103092783506,1.776494941830841,73.94092783505155,8.67523823910067
Hyderabad,9,12,28.172680412371133,1.7555943411135255,950.4381443298969,1.876246435648914,72.74474226804124,8.855517241243769
Hyderabad,9,13,28.236804123711337,1.7713622032161638,949.6969072164949,1.976763643362043,72.55938144329897,8.963210433771417
Hyderabad,9,14,28.04278350515464,1.7393711401131196,949.238144329897,2.041774315136708,73.57907216494846,9.04669300565063
Hyderabad,9,15,27.60855670103093,1.635820378848385,949.1773195876289,2.0407058192080747,76.30896907216496,8.856731607057439
Hyderabad,9,16,26.8859793814433,1.4485032934850768,949.4721649484536,1.9733506967866838,81.1460824742268,7.70838782278502
Hyderabad,9,17,25.669381443298967,1.1042303262463222,949.9845360824743,1.8996896789446602,88.59051546391753,4.797744342208732
Hyderabad,9,18,24.79855670103093,0.9214696026035459,950.6072164948453,1.815629334342478,91.45587628865978,3.9467689191543487
Hyderabad,9,19,24.47577319587629,0.8881146170534825,951.2237113402061,1.754445139963353,92.07762886597939,3.916922094471388
Hyderabad,9,20,24.18175257731959,0.8376194072952607,951.7463917525772,1.7108149773128023,92.75443298969073,3.630336867137867
Hyderabad,9,21,23.889690721649487,0.7621945475733307,951.8958762886597,1.708186021642818,93.52422680412371,3.066966075188544
Hyderabad,9,22,23.6180412371134,0.7076393254677505,951.678350515464,1.7573196211443574,94.21659793814433,2.5546851920368594
Hyderabad,9,23,23.37020618556701,0.6699408857339634,951.1927835051546,1.8374715090013514,94.77453608247424,2.165766810228813
Hyderabad,10,0,21.54290322580645,1.879634319572712,954.5301075268818,2.1434827889613066,93.65924731182795,4.769274677457939
Hyderabad,10,1,21.274193548387096,1.9301905304583198,953.9731182795699,2.1760124972140487,94.18946236559141,4.713468068158153
Hyderabad,10,2,21.03989247311828,1.989871906858227,953.6849462365591,2.18457767466467,94.63634408602151,4.8147363883200835
Hyderabad,10,3,20.821290322580644,2.045935645321384,953.7569892473118,2.1660120563247713,95.02129032258064,4.783498861758919
Hyderabad,10,4,20.623763440860216,2.097043941184257,954.1935483870968,2.137237471882851,95.38215053763442,4.588808893825136
Hyderabad,10,5,20.453978494623655,2.1473103194992897,954.9397849462365,2.1408114971413266,95.71397849462365,4.342484547239155
Hyderabad,10,6,21.20956989247312,1.9804099893810383,955.7376344086022,2.1471373246667187,93.87731182795699,3.8239119338438257
Hyderabad,10,7,22.85322580645161,1.5037100215440498,956.4172043010753,2.1406837416396582,87.69440860215053,6.700577110506102
Hyderabad,10,8,24.905913978494624,1.268957323227241,956.8204301075269,2.148941050630158,79.5141935483871,8.982986857119146
Hyderabad,10,9,26.552688172043013,1.1442532592357466,956.7924731182795,2.1477610464985126,72.58064516129032,10.338750324623133
Hyderabad,10,10,27.581290322580646,1.127434781499918,956.1612903225806,2.112953437729721,68.76268817204301,10.166992003087088
Hyderabad,10,11,28.23397849462366,1.140931293691168,955.1709677419354,2.0715243623308686,66.45247311827957,10.183516375679172
Hyderabad,10,12,28.576559139784944,1.1530889465895873,954.1795698924731,2.046075731724782,65.15698924731183,10.259594532303627
Hyderabad,10,13,28.610537634408605,1.138794524344473,953.3989247311829,2.015024793441986,64.87344086021506,10.31386408576421
Hyderabad,10,14,28.34258064516129,1.1172471051513828,952.9333333333334,1.985947005145559,65.73709677419355,10.468717746805106
Hyderabad,10,15,27.731827956989246,1.0838517729522095,952.9376344086021,1.9651813711237935,68.58580645161291,10.730868853612751
Hyderabad,10,16,26.615806451612904,1.0613745421167677,953.2913978494624,1.9611252268055346,75.40408602150538,9.26185670611967
Hyderabad,10,17,24.624301075268818,1.265760982527957,953.8548387096774,1.9775102994857363,86.0605376344086,6.5545005058906085
Hyderabad,10,18,23.622258064516128,1.3814549112472903,954.578494623656,1.9973269888814913,88.85903225806452,6.187230901397578
Hyderabad,10,19,23.15225806451613,1.4670342228249793,955.336559139785,2.051075271880829,89.992688172043,5.833746119102296
Hyderabad,10,20,22.742258064516133,1.556741391100584,955.8516129032258,2.0575741786630783,91.00075268817204,5.520056166333491
Hyderabad,10,21,22.37505376344086,1.6449379687365477,955.920430107527,2.0782810173097137,91.83956989247312,5.296433770242201
Hyderabad,10,22,22.042473118279567,1.7295863138925167,955.6666666666666,2.077850756939988,92.5136559139785,5.12959312416183
Hyderabad,10,23,21.74494623655914,1.8050042898033538,955.2462365591397,2.080528733999323,93.06075268817204,4.972330228933242
Hyderabad,11,0,18.149444444444445,2.9664321857425326,957.3533333333334,1.3032543535750885,89.94644444444445,5.683042252038246
Hyderabad,11,1,17.78633333333333,2.9932633914069515,956.8844444444445,1.3061575099118223,91.11188888888888,5.441164757669063
Hyderabad,11,2,17.436555555555554,3.0482019607480306,956.6133333333333,1.3121044080133843,92.41255555555554,5.077364299241881
Hyderabad,11,3,17.112333333333332,3.1236830213671687,956.6355555555555,1.3052453479048953,93.707,4.8486206656688
Hyderabad,11,4,16.826555555555558,3.1967143107446043,956.9922222222223,1.3101357488441647,94.74577777777779,4.675268177798154
Hyderabad,11,5,16.578333333333333,3.2588428531570903,957.671111111111,1.2973823641284286,95.56455555555554,4.41970082904117
Hyderabad,11,6,17.060111111111112,3.2087315896599855,958.4599999999999,1.293266919797607,94.20722222222221,3.9947133681758284
Hyderabad,11,7,19.21988888888889,2.698958806503169,959.178888888889,1.3043138834716028,85.00233333333334,5.5553424130149445
Hyderabad,11,8,21.65411111111111,2.517549144581048,959.6533333333334,1.3048052934949859,75.94188888888888,6.147732914458427
Hyderabad,11,9,24.19488888888889,2.0790021614985377,959.678888888889,1.3093865485726564,65.6651111111111,7.452169768408295
Hyderabad,11,10,25.700333333333337,2.0327379278072373,959.0377777777777,1.3239010942535407,60.567,7.6226673278460275
Hyderabad,11,11,26.687666666666665,2.0537578875500806,957.9877777777778,1.3468087773127582,57.562444444444445,7.696161061279093
Hyderabad,11,12,27.28322222222222,2.071608953911809,956.9055555555556,1.367632343583609,55.766999999999996,7.813562316089621
Hyderabad,11,13,27.458,2.0720565694416515,956.0355555555556,1.3703367183279906,55.147666666666666,8.046989394463418
Hyderabad,11,14,27.166,2.0695365599654685,955.5533333333334,1.3631754072794326,55.99477777777778,8.516621188412483
Hyderabad,11,15,26.417222222222225,2.0608136430572115,955.5377777777777,1.3632065452065154,58.92444444444444,8.988993658428118
Hyderabad,11,16,24.743888888888886,2.2213958029487433,955.8966666666666,1.3515243162918387,70.11333333333333,8.244621399583611
Hyderabad,11,17,22.058777777777777,2.5906755128699146,956.4988888888888,1.3504468211407328,81.18788888888889,7.17309431207952
Hyderabad,11,18,21.069111111111113,2.7199106249544878,957.2388888888889,1.3499641646882672,83.11722222222222,7.136344550648329
Hyderabad,11,19,20.431777777777775,2.80918780608163,957.9755555555556,1.3458476390979048,84.47755555555555,7.036009196854949
Hyderabad,11,20,19.863444444444443,2.869916085807305,958.4077777777777,1.337633981761673,85.66744444444444,6.793069925573619
Hyderabad,11,21,19.363888888888887,2.9114075110469795,958.4777777777778,1.3420408555359191,86.65677777777778,6.537694131481219
Hyderabad,11,22,18.909333333333333,2.9303958393501905,958.2155555555555,1.3538053825173302,87.63866666666667,6.287390484225043
Hyderabad,11,23,18.483666666666668,2.9447368589636906,957.8111111111111,1.3461092034139284,88.74277777777777,5.940313809245237
Hyderabad,12,0,16.51967741935484,2.85894798666622,957.7182795698925,2.0282754634846434,83.6010752688172,10.917872410028625
Hyderabad,12,1,16.073870967741936,2.953351461092114,957.2516129032257,2.0265419734776033,85.14193548387097,11.19392996013081
Hyderabad,12,2,15.663440860215054,3.0545175007233683,956.925806451613,2.028058786227023,86.52150537634408,11.079783484212857
Hyderabad,12,3,15.32279569892473,3.141171328740767,956.9236559139785,2.040321684433611,87.69806451612904,10.897757174326056
Hyderabad,12,4,15.020752688172044,3.216235389314097,957.2860215053764,2.0474051126204973,88.83559139784946,10.502954187147374
Hyderabad,12,5,14.748924731182797,3.2784449065284873,957.9580645161291,2.073031941523103,89.837311827957,9.925430353147648
Hyderabad,12,6,14.984086021505377,3.261691091309625,958.7795698924731,2.109067336617757,89.52043010752688,9.561522062978407
Hyderabad,12,7,17.319247311827958,2.657072693184679,959.6021505376344,2.141514016167039,80.22752688172042,9.703236534888084
Hyderabad,12,8,19.892150537634407,2.507740559990714,960.2086021505376,2.1571748792252134,69.93870967741935,10.043525951296287
Hyderabad,12,9,22.851075268817205,2.097230815170118,960.2387096774194,2.129759746506638,58.84322580645161,11.225348853036603
Hyderabad,12,10,24.77548387096774,1.9493045114967003,959.641935483871,2.0942116178028307,52.17376344086021,11.566530229594663
Hyderabad,12,11,25.974193548387095,2.0103700300651117,958.6,2.0716513052236762,48.689569892473116,11.569061526139679
Hyderabad,12,12,26.696666666666665,2.0775190750619754,957.405376344086,2.0554469307395253,46.66688172043011,11.65910737303066
Hyderabad,12,13,26.967956989247313,2.136352315401478,956.4247311827957,2.041986240743703,45.81688172043011,11.926413960333981
Hyderabad,12,14,26.719032258064516,2.162416152944046,955.9225806451614,2.038655195714282,46.3231182795699,12.375153049426393
Hyderabad,12,15,25.87913978494624,2.177414529802627,955.9096774193549,2.0420079906653674,49.35032258064516,12.92425134082813
Hyderabad,12,16,23.702903225806452,2.292719848945867,956.2913978494624,2.030723576011504,63.76010752688172,11.585321906790695
Hyderabad,12,17,20.746881720430107,2.501729826972175,956.9064516129033,2.0085040102141436,72.93344086021506,9.887959464905617
Hyderabad,12,18,19.729354838709675,2.588714556976784,957.7333333333333,1.9975709887442195,75.0141935483871,9.680681268986026
Hyderabad,12,19,19.01311827956989,2.6345657915054828,958.441935483871,1.972766903783143,76.65978494623656,9.446736263927649
Hyderabad,12,20,18.397956989247312,2.641840415456366,958.8387096774194,1.939410054745756,78.10215053763442,9.316189724189393
Hyderabad,12,21,17.857849462365593,2.6452738205690056,958.9043010752689,1.9315410595921132,79.3747311827957,9.529244984850566
Hyderabad,12,22,17.358817204301076,2.667265677521344,958.6397849462365,1.9474141039798847,80.60849462365591,9.928612467777002
Hyderabad,12,23,16.878709677419355,2.7218041594111666,958.2236559139785,1.969793514308935,81.96989247311828,10.379154013299472
Karimnagar,1,0,18.460806451612903,2.1463595940452067,985.391129032258,1.8751265365118353,65.49306451612904,10.757170206778008
Karimnagar,1,1,17.749596774193545,2.11221780688672,984.9887096774194,1.8919259201631262,69.45096774193549,10.968045858318172
Karimnagar,1,2,17.108870967741936,2.0671995941556083,984.7588709677419,1.8852880177958569,73.51104838709678,11.4010125651117
Karimnagar,1,3,16.55540322580645,2.0573870077118945,984.8177419354838,1.8725248546375193,77.43612903225807,12.039316737066535
Karimnagar,1,4,16.090645161290322,2.0849120166012436,985.2306451612903,1.8710536755543998,81.00822580645162,12.56198103637929
Karimnagar,1,5,15.7,2.1480666292977144,986.0024193548387,1.8467930327025222,83.95975806451614,12.578155891546592
Karimnagar,1,6,16.013709677419357,2.205310467143107,986.925,1.8268380876186063,84.2125806451613,11.598349677318144
Karimnagar,1,7,18.56693548387097,2.069576830167565,987.8282258064515,1.8108328265835705,72.90104838709676,10.802412619602334
Karimnagar,1,8,21.94451612903226,2.100643089623186,988.4887096774194,1.8152116800755915,59.35629032258065,9.789426805657222
Karimnagar,1,9,25.461693548387096,1.8970875074742726,988.5274193548387,1.7971675415233903,46.07822580645161,9.532944592254976
Karimnagar,1,10,27.98314516129032,1.7820096296654235,987.7862903225806,1.7998796110336093,37.69814516129032,9.001451677588461
Karimnagar,1,11,29.528790322580647,1.7740145977630277,986.5572580645162,1.8235662989544554,33.24677419354839,8.306045359229175
Karimnagar,1,12,30.463548387096775,1.7849448050259824,985.1612903225806,1.8446455000131052,30.559435483870967,7.831336396811942
Karimnagar,1,13,30.862661290322578,1.799288526450443,984.0024193548387,1.8720652353687313,29.08209677419355,7.624328334985602
Karimnagar,1,14,30.668064516129032,1.8127469509004706,983.366935483871,1.8886361825269655,28.76306451612903,7.710361540500855
Karimnagar,1,15,29.91008064516129,1.8110274207329777,983.2564516129032,1.9089963282781353,29.91524193548387,8.038599306022162
Karimnagar,1,16,27.72233870967742,1.9012721923448217,983.5701612903225,1.9168054317548104,40.51362903225806,9.586838228052958
Karimnagar,1,17,24.75911290322581,1.8051957586330154,984.1943548387097,1.9164373458863704,46.46266129032258,10.279106688976796
Karimnagar,1,18,23.598548387096773,1.8101806465790673,985.0540322580645,1.9029886291116265,48.51709677419355,10.74792078770826
Karimnagar,1,19,22.656693548387096,1.894920776932995,985.7919354838709,1.8788336104193006,50.76991935483871,11.061485110009956
Karimnagar,1,20,21.791290322580643,1.9851018149809223,986.2024193548388,1.8757963602996155,52.986612903225804,11.192364331481205
Karimnagar,1,21,20.937903225806455,2.072094605851596,986.2790322580646,1.8921005745775819,55.44459677419355,11.202703172568325
Karimnagar,1,22,20.124112903225804,2.137570618658211,986.0419354838709,1.8954415481545759,58.1641935483871,11.058932533262093
Karimnagar,1,23,19.32701612903226,2.176766819931714,985.7217741935484,1.8885861913757973,61.36524193548387,10.896760349748599
Karimnagar,2,0,21.805929203539826,2.045190629068308,984.0893805309735,2.0241119230708646,42.83327433628318,12.900182684370758
Karimnagar,2,1,20.92557522123894,2.019197567835291,983.6823008849558,2.03027224109123,46.35221238938053,13.85110534104675
Karimnagar,2,2,20.09495575221239,1.9864420472173905,983.4849557522124,2.027587466800033,50.41893805309735,14.93962034340421
Karimnagar,2,3,19.351592920353983,1.9628698770512367,983.6309734513275,2.0049527802605036,54.85141592920354,16.080223816142734
Karimnagar,2,4,18.712477876106195,1.9587493873521908,984.1637168141593,1.999377668662609,59.34716814159292,17.22526095951122
Karimnagar,2,5,18.198318584070794,1.9778965660947503,985.0442477876106,1.9718074582318568,63.51557522123894,18.41964372319347
Karimnagar,2,6,19.075221238938052,1.9441699006007742,986.0442477876106,1.948118966973449,62.46637168141593,18.17563238543901
Karimnagar,2,7,22.110265486725662,1.825009520609705,986.9176991150442,1.9523900228993973,52.85230088495575,16.40648548858747
Karimnagar,2,8,26.24867256637168,1.9252080149320305,987.516814159292,1.9745660759693382,40.41929203539823,13.124567320542571
Karimnagar,2,9,30.02840707964602,1.9041554963382463,987.5761061946903,1.9824801537595882,30.045929203539824,10.640678989241525
Karimnagar,2,10,32.42433628318584,1.8435930931327515,986.7946902654868,1.9674966286032378,24.726017699115044,8.933944351643085
Karimnagar,2,11,33.8987610619469,1.8215398375821676,985.5212389380531,1.9566941566724025,21.91238938053097,7.743052216842105
Karimnagar,2,12,34.79061946902655,1.8021749177758624,984.1256637168142,1.9432014619225983,20.21265486725664,7.002393343108168
Karimnagar,2,13,35.1329203539823,1.7870594768941002,982.8946902654868,1.953195216816194,19.306991150442478,6.613113175047921
Karimnagar,2,14,34.88274336283186,1.7851841880699657,982.1283185840708,1.9516233639564773,19.09778761061947,6.527870979570336
Karimnagar,2,15,34.103539823008845,1.7741511654238935,981.9787610619469,1.9531317035282996,19.503362831858407,6.678556116757398
Karimnagar,2,16,32.389734513274334,1.857611494527789,982.270796460177,1.9545131571355698,22.836991150442476,7.900214608856677
Karimnagar,2,17,28.621061946902653,1.9565824627723507,982.8858407079647,1.9675432132047321,29.543274336283186,9.44808856731632
Karimnagar,2,18,27.090796460176993,1.9453553391865581,983.7318584070796,1.9710976586086193,31.196725663716816,9.758139225655778
Karimnagar,2,19,26.129911504424776,1.9783387220699753,984.5796460176991,1.95595059516355,32.54265486725664,10.202543101888432
Karimnagar,2,20,25.29424778761062,2.0311400762826954,985.0318584070797,1.9687861328532505,33.869026548672565,10.624310478853422
Karimnagar,2,21,24.48787610619469,2.078794057744363,985.0858407079646,1.983722477378475,35.346106194690265,10.935286791068068
Karimnagar,2,22,23.66353982300885,2.112136663747494,984.862831858407,2.0047352287889266,37.14053097345133,11.259803810831126
Karimnagar,2,23,22.813185840707963,2.125259759538116,984.5079646017699,2.0487427151844315,39.38743362831858,11.719187622591507
Karimnagar,3,0,26.035887096774193,2.175740603597105,981.5193548387097,2.2653515105964686,40.26129032258064,14.289326789955835
Karimnagar,3,1,25.1508064516129,2.1370907954332496,981.1064516129032,2.2918640808562656,44.09854838709678,15.368517534525628
Karimnagar,3,2,24.34733870967742,2.124980003299876,980.9064516129032,2.3153690090450736,48.229032258064514,16.37495154436347
Karimnagar,3,3,23.637983870967744,2.131567223665732,981.066129032258,2.294421906636733,52.373467741935485,17.24093932156853
Karimnagar,3,4,23.022822580645162,2.14853005544739,981.6322580645161,2.2727995124776217,56.25403225806452,17.959656501656358
Karimnagar,3,5,22.508306451612906,2.1645370603922895,982.4862903225807,2.2682443580604263,59.64693548387097,18.543712811660242
Karimnagar,3,6,23.791774193548385,2.0230899044790447,983.4451612903225,2.2754381276934255,56.55112903225807,17.675709353628413
Karimnagar,3,7,26.764032258064514,1.991155206371798,984.3072580645162,2.267736717310921,46.45266129032258,14.777422688521746
Karimnagar,3,8,30.718145161290323,2.1290420636610694,984.808064516129,2.2790882777806902,33.98532258064516,11.674826120150403
Karimnagar,3,9,33.89338709677419,2.2016523311252465,984.6903225806452,2.298688893000329,26.176693548387096,9.32907952323552
Karimnagar,3,10,35.954354838709676,2.2234610981934586,983.9604838709678,2.280380033524823,22.23540322580645,7.8371116712907805
Karimnagar,3,11,37.287499999999994,2.2239869804994115,982.7540322580645,2.233244720734977,20.031693548387096,6.972103614827664
Karimnagar,3,12,38.074838709677415,2.2282537126459045,981.3862903225806,2.215075277306297,18.73282258064516,6.457921027760154
Karimnagar,3,13,38.34467741935484,2.2317172051390353,980.1596774193548,2.2034311512242266,18.06661290322581,6.183554492189821
Karimnagar,3,14,38.093548387096774,2.1868075233044895,979.3395161290323,2.2037594835931507,17.93064516129032,6.081611727691861
Karimnagar,3,15,37.344112903225806,2.1385497753432734,979.0717741935483,2.210123069224187,18.330806451612904,6.204772041929964
Karimnagar,3,16,36.05588709677419,2.10267039354654,979.3185483870968,2.2264254385476403,19.655403225806452,6.634249076700152
Karimnagar,3,17,32.92032258064516,2.2173260595693454,979.9032258064516,2.24481101686593,25.99266129032258,9.223836662617783
Karimnagar,3,18,31.101774193548387,2.230805042039482,980.7129032258064,2.2456088222191144,28.578387096774193,10.089815148708956
Karimnagar,3,19,30.233064516129033,2.269400614760508,981.542741935484,2.239634602423672,29.726532258064516,10.301786414217396
Karimnagar,3,20,29.43548387096774,2.3076544086271764,982.133064516129,2.2165204465812005,31.041532258064517,10.833707038784231
Karimnagar,3,21,28.654999999999998,2.3068059429732246,982.3056451612903,2.179777806956381,32.58685483870968,11.472035236459215
Karimnagar,3,22,27.868951612903224,2.290962384685999,982.1645161290322,2.1616838343610305,34.51774193548387,12.277201081859248
Karimnagar,3,23,27.03701612903226,2.2425736448516624,981.8225806451613,2.1913295036218843,37.05846774193548,13.198886750564817
Karimnagar,4,0,30.116083333333332,2.1050644397543294,978.6275,1.9899732906445355,39.62708333333333,11.028944150217985
Karimnagar,4,1,29.28625,2.0445451354578554,978.2916666666666,2.0023760395893597,43.11508333333334,11.592293005952458
Karimnagar,4,2,28.533583333333336,2.0046659001311053,978.1691666666667,1.9965430558015165,46.57391666666667,12.194356133293882
Karimnagar,4,3,27.870416666666664,1.9685298852096678,978.4183333333333,1.9821041079312736,49.79141666666667,12.813164468252024
Karimnagar,4,4,27.304750000000002,1.9443764905426084,979.0400000000001,1.9708548671992443,52.632083333333334,13.458564103354032
Karimnagar,4,5,26.948,1.9375487415934638,979.85,1.9562869992742324,54.725166666666674,13.981696797961973
Karimnagar,4,6,28.4755,1.8932888329681812,980.7158333333333,1.9532776088839126,50.431333333333335,13.27492239502128
Karimnagar,4,7,31.492666666666665,2.099737772076454,981.4825,1.9688610579586843,40.474666666666664,11.299254004775085
Karimnagar,4,8,34.791333333333334,2.369882078168821,981.7833333333333,1.9799980194088038,30.988666666666667,9.266622578135047
Karimnagar,4,9,37.27375,2.4064472444531444,981.5408333333332,1.9770743104728328,25.578500000000002,7.575209307367037
Karimnagar,4,10,39.13916666666667,2.4019252023889384,980.8391666666666,1.9775757943525432,22.25975,6.472825868729267
Karimnagar,4,11,40.45133333333333,2.3979420214791194,979.7383333333333,1.9684137423480847,20.16575,5.830967122530671
Karimnagar,4,12,41.23166666666667,2.4098283816760984,978.4416666666667,1.9371027197282935,18.913999999999998,5.542074726030636
Karimnagar,4,13,41.48866666666667,2.421058499438432,977.2441666666667,1.9390630949700414,18.291999999999998,5.498150888551289
Karimnagar,4,14,41.239583333333336,2.4028818117836246,976.4291666666667,1.949893159466267,18.174416666666666,5.557162657302727
Karimnagar,4,15,40.55050000000001,2.3695065082073405,976.0733333333334,1.9802696248527636,18.50883333333333,5.670633059872581
Karimnagar,4,16,39.477333333333334,2.3224811903547957,976.2241666666666,2.0147771665404055,19.41425,6.068062233094343
Karimnagar,4,17,37.438583333333334,2.327716194486094,976.7916666666666,2.0366632512224165,23.51175,7.630883806484493
Karimnagar,4,18,35.330666666666666,2.356099801474847,977.5516666666666,2.041583803269053,27.538,10.311834728222946
Karimnagar,4,19,34.43808333333333,2.3407272072036585,978.325,2.040194833338998,28.647083333333335,10.392583845444491
Karimnagar,4,20,33.59758333333333,2.323331061189504,978.9316666666667,2.0534039512758033,30.028000000000002,10.441270053788209
Karimnagar,4,21,32.772,2.297129593590203,979.2608333333334,2.0436536663836398,31.726333333333333,10.654354610057934
Karimnagar,4,22,31.945333333333334,2.2715366780115667,979.2216666666667,2.021364184224646,33.85075,11.027561739576344
Karimnagar,4,23,31.069833333333335,2.2334079108748925,978.9133333333334,2.0147745597487443,36.574,11.509082230200315
Karimnagar,5,0,30.042258064516126,2.60034264118413,975.9193548387096,2.7117233418661497,55.39314516129032,19.215365691170796
Karimnagar,5,1,29.37282258064516,2.458275739322764,975.5306451612903,2.72785026349636,58.59274193548387,18.710386721884042
Karimnagar,5,2,28.788467741935484,2.3466707239738227,975.4306451612903,2.727909870818726,61.61120967741935,18.303344649381764
Karimnagar,5,3,28.265806451612903,2.2406322049103924,975.6983870967742,2.7319841168628476,64.26435483870968,17.92095844571108
Karimnagar,5,4,27.810564516129034,2.1577944560367697,976.2572580645161,2.729459084179666,66.45193548387095,17.677597907186414
Karimnagar,5,5,27.711532258064516,2.1133278362966794,977.0451612903227,2.7226945894522196,67.10290322580646,17.332348710661147
Karimnagar,5,6,29.313387096774196,2.222348383296987,977.9161290322581,2.7194089236053993,60.14008064516129,16.516070542726116
Karimnagar,5,7,31.952983870967742,2.4977889343804356,978.5459677419354,2.731550058579961,49.4633064516129,14.95874797605117
Karimnagar,5,8,34.62548387096775,2.834116301622047,978.7838709677419,2.7205148692751195,40.427983870967736,14.013046010907223
Karimnagar,5,9,36.76129032258064,3.1511169700488733,978.55,2.694665009272121,34.76129032258064,13.402125178386498
Karimnagar,5,10,38.395322580645164,3.426400475761551,977.8935483870968,2.6574558998087427,31.119758064516127,12.98340275488144
Karimnagar,5,11,39.5658870967742,3.6405398090077723,976.9370967741935,2.625654165238914,28.728064516129034,12.721663724952142
Karimnagar,5,12,40.3,3.8052966936665076,975.8653225806452,2.5918899264881765,27.24225806451613,12.651231620927554
Karimnagar,5,13,40.579758064516135,3.9106784107170256,974.8717741935484,2.574122645825412,26.50741935483871,12.790391075148255
Karimnagar,5,14,40.37419354838709,3.9359702674149193,974.1459677419356,2.565829211710477,26.463709677419356,13.150007355263451
Karimnagar,5,15,39.7758064516129,3.8888803531683567,973.7943548387096,2.5498382674473032,26.998951612903223,13.735452367413206
Karimnagar,5,16,38.78217741935484,3.8004915301452105,973.8806451612903,2.5411948223420877,28.528306451612906,14.743222762807974
Karimnagar,5,17,36.97362903225806,3.575906578934087,974.3903225806451,2.548215360033803,34.41290322580645,16.413089896726888
Karimnagar,5,18,34.67088709677419,3.2728630493796644,975.1120967741934,2.562982026586757,43.174838709677424,19.18680082739262
Karimnagar,5,19,33.77991935483871,3.179729623922195,975.8491935483871,2.5887654705324925,44.766693548387096,19.436220304117818
Karimnagar,5,20,32.98758064516129,3.0571303753119325,976.4137096774194,2.6090316765059054,46.27983870967742,19.302663238627343
Karimnagar,5,21,32.23467741935484,2.91947551684711,976.7798387096774,2.627124918923326,48.01072580645161,19.214413973550457
Karimnagar,5,22,31.5016935483871,2.7861121093401295,976.7362903225807,2.653892207680443,50.10024193548387,19.201945000726095
Karimnagar,5,23,30.767500000000002,2.6739762496588946,976.3491935483871,2.6851441943308076,52.677983870967736,19.053345095200754
Karimnagar,6,0,28.62225,2.66088740568147,974.5966666666667,1.6950711213522989,69.10508333333334,17.477231959546316
Karimnagar,6,1,28.205,2.571758382210621,974.19,1.6884879616504846,70.66308333333333,17.35472845240924
Karimnagar,6,2,27.8175,2.465025354839175,974.0725,1.682183579945603,72.193,17.000755623345267
Karimnagar,6,3,27.459333333333333,2.3546984082547677,974.2691666666667,1.6875120084643735,73.67483333333332,16.626140902702783
Karimnagar,6,4,27.13675,2.256533804516203,974.725,1.708222822141186,75.08,16.300668285521972
Karimnagar,6,5,27.11116666666667,2.186153978036836,975.3958333333334,1.719556119846006,75.18191666666667,15.794556891155748
Karimnagar,6,6,28.234166666666667,2.3388956610257883,976.1316666666667,1.7364110254486635,69.979,15.280810253936362
Karimnagar,6,7,30.192999999999998,2.7659008896004216,976.6550000000001,1.7197737783613867,61.13616666666667,14.855247845236963
Karimnagar,6,8,32.172666666666665,3.1580545903321893,976.8683333333333,1.690357395123652,53.39,14.309748572273408
Karimnagar,6,9,33.87925,3.413849489994566,976.6791666666667,1.6783292929834357,47.79891666666666,13.681230029461812
Karimnagar,6,10,35.23675,3.589381670609988,976.1316666666667,1.656156496752838,43.8305,13.18954200248417
Karimnagar,6,11,36.18625,3.7018687223907776,975.3125,1.6666053910304532,41.17875,12.842459224329723
Karimnagar,6,12,36.71783333333334,3.784175183673224,974.42,1.6738522971293024,39.668416666666666,12.740685772068039
Karimnagar,6,13,36.81641666666667,3.795696987807288,973.6533333333333,1.6737686221698025,39.196416666666664,12.842476579650809
Karimnagar,6,14,36.54408333333333,3.753267371155928,973.1175000000001,1.691881876998025,39.604416666666665,13.11919241953926
Karimnagar,6,15,35.99966666666667,3.6779357869137774,972.8858333333334,1.693204203925361,40.81125,13.665380571190184
Karimnagar,6,16,35.14258333333333,3.6185680105227673,973.0341666666667,1.6851549480327968,43.44291666666666,14.754431118821763
Karimnagar,6,17,33.7395,3.5322489919563225,973.5300000000001,1.6518184530028377,50.113416666666666,16.364756273533587
Karimnagar,6,18,31.966416666666664,3.245495338618933,974.1775,1.6341658114033761,58.981750000000005,17.382309449141513
Karimnagar,6,19,31.204583333333336,3.1591422343514024,974.8325,1.6167797904341994,61.31033333333333,17.756019215335122
Karimnagar,6,20,30.576583333333335,3.0573923353336383,975.3516666666667,1.6147421332406802,63.16575,17.800178578204388
Karimnagar,6,21,29.993916666666667,2.942678222138399,975.6941666666667,1.620783907925552,65.06025,17.731236761146477
Karimnagar,6,22,29.44783333333333,2.8380509299927112,975.6116666666666,1.6397982727610534,66.876,17.697884286978894
Karimnagar,6,23,28.933666666666667,2.73652387403532,975.1491666666666,1.667635362746084,68.56866666666666,17.614179397699505
Karimnagar,7,0,25.42508064516129,1.0240859465707983,973.483870967742,2.029232988052579,89.43895161290322,6.065872924740764
Karimnagar,7,1,25.18306451612903,0.9780519691409112,973.0258064516129,2.021022480001995,89.98370967741936,5.787136487766271
Karimnagar,7,2,24.956129032258065,0.9408962253046563,972.808064516129,2.0345230468894178,90.48975806451612,5.440132330963062
Karimnagar,7,3,24.7475,0.9156805856625714,972.9137096774194,2.0511085512500986,90.94137096774193,5.059980451563736
Karimnagar,7,4,24.558870967741935,0.87634422616202,973.316935483871,2.0594703626577244,91.37790322580646,4.592286971960154
Karimnagar,7,5,24.55459677419355,0.8668880885317847,973.9604838709678,2.0837278409582995,91.14209677419356,4.325658232573419
Karimnagar,7,6,25.248870967741937,0.9583863552761712,974.6782258064517,2.1205368427457856,88.17733870967741,5.202523794809845
Karimnagar,7,7,26.458225806451615,1.2117829693707813,975.2314516129032,2.1597337586398937,82.50967741935484,7.039004911136104
Karimnagar,7,8,27.809838709677418,1.51154311066537,975.5322580645161,2.179413973111713,76.015,8.589705267665812
Karimnagar,7,9,29.02790322580645,1.7529386588749005,975.4548387096773,2.148675327924361,70.81217741935482,9.471406825430913
Karimnagar,7,10,30.021774193548385,1.9208881958073545,975.0129032258066,2.1024943661433153,67.00491935483872,10.081589635912557
Karimnagar,7,11,30.740806451612904,2.044568293540206,974.2903225806451,2.0543200309115823,64.4983870967742,10.623344319557036
Karimnagar,7,12,31.159112903225807,2.1156371014124327,973.5056451612903,2.0147142636420425,63.19564516129032,11.1136936877557
Karimnagar,7,13,31.29612903225806,2.148554707892915,972.808064516129,1.9808266638518768,62.94588709677419,11.608094037099333
Karimnagar,7,14,31.141451612903225,2.1457330293892594,972.3459677419354,1.9584048259656681,63.7966935483871,12.137508666146077
Karimnagar,7,15,30.701048387096773,2.1081621551570464,972.1733870967741,1.9502807332198924,65.95193548387097,12.61836715741704
Karimnagar,7,16,29.924999999999997,2.00495544625396,972.3548387096774,1.9675561515611741,70.40620967741935,12.410445154436948
Karimnagar,7,17,28.74556451612903,1.7419428002609798,972.8395161290323,1.9829688897266706,77.71096774193548,10.520335508835409
Karimnagar,7,18,27.562258064516126,1.4572174390147066,973.4548387096773,1.9863499572421213,84.13911290322581,8.30301786766273
Karimnagar,7,19,27.094435483870967,1.4017076127267711,974.0419354838709,2.0049976896847483,85.46524193548387,7.865056655940505
Karimnagar,7,20,26.706532258064517,1.3251863156962818,974.5169354838711,1.9958380180209623,86.50701612903227,7.438674589065866
Karimnagar,7,21,26.356774193548386,1.2318625915790542,974.7991935483872,1.9752326596620113,87.39983870967743,7.035360974307889
Karimnagar,7,22,26.00774193548387,1.1378169360735213,974.5806451612904,1.9779137164734375,88.23451612903226,6.564317852576644
Karimnagar,7,23,25.684838709677418,1.0586081396277505,974.0387096774194,1.9956338389325081,88.96556451612904,6.199807537324763
Karimnagar,8,0,24.85741935483871,0.6260573118102898,975.8854838709677,1.933600775518938,93.99491935483871,2.5085423150285986
Karimnagar,8,1,24.606048387096774,0.5869139610195461,975.417741935484,1.920367867328933,94.51274193548387,2.0970631181438297
Karimnagar,8,2,24.381370967741937,0.5729716215924445,975.1846774193548,1.9122644115416056,94.94967741935484,1.7742846654236544
Karimnagar,8,3,24.18016129032258,0.5766189423425505,975.2620967741935,1.910926763706381,95.29854838709677,1.5194862704529277
Karimnagar,8,4,24.00564516129032,0.5891419169173757,975.6290322580645,1.9124654922674944,95.53266129032258,1.3725758283855345
Karimnagar,8,5,23.944112903225808,0.607155184482136,976.1975806451613,1.9239806174200302,95.4833870967742,1.276517676098976
Karimnagar,8,6,24.565564516129033,0.6441472618825755,976.9233870967741,1.9819555453887612,93.14685483870967,1.8091773124441317
Karimnagar,8,7,25.646774193548385,0.8066255600496163,977.5645161290323,2.0284638566224866,88.82000000000001,3.362126698231245
Karimnagar,8,8,26.92790322580645,1.0554013409876863,977.9225806451612,2.0160267899592985,82.97475806451614,5.025667688312579
Karimnagar,8,9,28.045725806451614,1.2208434864943198,977.9201612903227,1.9702659569848864,78.01395161290323,5.7876484431679724
Karimnagar,8,10,28.91290322580645,1.3253959520018936,977.5241935483871,1.9294201061392509,74.46862903225806,6.135490827852523
Karimnagar,8,11,29.525887096774195,1.4079749698075277,976.832258064516,1.9036784412442143,72.14548387096775,6.37350426959412
Karimnagar,8,12,29.88411290322581,1.4800609809985632,976.008064516129,1.8973064679175191,70.88612903225805,6.625625874369737
Karimnagar,8,13,29.993306451612902,1.518926515333256,975.2620967741935,1.90094511119136,70.65717741935484,6.881201393555703
Karimnagar,8,14,29.846532258064514,1.5254838200157408,974.7516129032258,1.9139829442100837,71.64443548387096,7.179267043959764
Karimnagar,8,15,29.48758064516129,1.5007913202505603,974.5419354838709,1.9413387709119128,73.92782258064516,7.434772462003286
Karimnagar,8,16,28.837903225806453,1.413295908114061,974.6588709677419,1.993037151913153,78.13233870967741,7.042486870079159
Karimnagar,8,17,27.78653225806452,1.2417840852572208,975.0814516129033,2.027227949748382,85.26403225806452,5.441451850641831
Karimnagar,8,18,26.758709677419354,1.0596409636938862,975.6580645161291,2.0234437671282532,90.19193548387096,3.74770123090529
Karimnagar,8,19,26.366129032258065,0.9659955980284993,976.2903225806451,1.9714803713060034,90.80096774193548,3.9651388229329165
Karimnagar,8,20,26.037258064516127,0.9025855712058917,976.8637096774194,1.8990941219784918,91.37451612903226,3.9515939677447403
Karimnagar,8,21,25.719112903225806,0.8348584536050008,977.1524193548387,1.8550070106885141,92.07491935483871,3.6624725079503717
Karimnagar,8,22,25.40951612903226,0.7620979332738929,976.983870967742,1.8720184792003076,92.76209677419355,3.356436426702219
Karimnagar,8,23,25.116774193548387,0.6912914135989271,976.5177419354839,1.8887363344287955,93.42209677419355,2.970370559181343
Karimnagar,9,0,24.504020618556698,0.6971544242397906,976.2288659793815,1.799823993876825,94.86731958762886,2.0568673163858864
Karimnagar,9,1,24.286701030927834,0.6539267951662683,975.7319587628866,1.7878377531574354,95.3701030927835,1.6279725983344557
Karimnagar,9,2,24.097113402061858,0.6373544911763632,975.4505154639174,1.7900258210044222,95.74948453608248,1.4253642598283043
Karimnagar,9,3,23.93876288659794,0.6457202982780149,975.5268041237114,1.812429048261742,95.99659793814433,1.269377214915133
Karimnagar,9,4,23.789896907216495,0.6710447309440964,975.9257731958763,1.8101725487801426,96.24247422680413,1.0967366659472042
Karimnagar,9,5,23.674845360824744,0.6992125234297243,976.5309278350516,1.8480485667737871,96.3978350515464,1.020219774938347
Karimnagar,9,6,24.257628865979378,0.6732906956320893,977.2628865979382,1.8981525880241064,94.62195876288659,1.2692095958831249
Karimnagar,9,7,25.27505154639175,0.8086590285148789,977.9752577319588,1.9566676033413573,91.2079381443299,3.0961827768723094
Karimnagar,9,8,26.5419587628866,1.17886566167727,978.3505154639175,1.9807996970573853,86.02103092783506,5.469484947669522
Karimnagar,9,9,27.59072164948454,1.4833192279919332,978.2855670103093,1.9581554719259766,81.6498969072165,6.685485131805653
Karimnagar,9,10,28.361030927835053,1.68751573112179,977.8865979381443,1.88964441463089,78.65814432989691,7.28122604858677
Karimnagar,9,11,28.89082474226804,1.8164116813234035,977.1453608247423,1.7924622624198328,76.6839175257732,7.61194463719973
Karimnagar,9,12,29.193917525773195,1.8884211641281576,976.2639175257733,1.743331674254926,75.53113402061857,7.835032955191364
Karimnagar,9,13,29.263917525773195,1.9115888661339162,975.4896907216495,1.7315386062739704,75.28453608247423,8.021557286023423
Karimnagar,9,14,29.091340206185567,1.8762288355823753,975.0134020618557,1.7314269684508965,76.24381443298968,8.140556446390677
Karimnagar,9,15,28.72927835051546,1.8034522723923838,974.9329896907217,1.7200243245302431,78.71453608247423,7.971687271815301
Karimnagar,9,16,28.11876288659794,1.6777752243993356,975.2051546391752,1.6971404340599332,82.37268041237112,7.402260003351445
Karimnagar,9,17,26.99938144329897,1.3768993052272915,975.6917525773197,1.6942716049906557,88.60329896907217,5.320458494036931
Karimnagar,9,18,26.24020618556701,1.2120626181753185,976.3082474226803,1.6986311954465638,90.79505154639176,4.9804122829071025
Karimnagar,9,19,25.918556701030926,1.141602482706803,976.9257731958763,1.7430384360910276,91.34164948453608,5.104832204313133
Karimnagar,9,20,25.60340206185567,1.0570161290534013,977.439175257732,1.7758540610219409,92.09010309278351,4.761443560615605
Karimnagar,9,21,25.29835051546392,0.9594374224126206,977.5711340206185,1.7984923525742387,92.84061855670102,4.148597356947137
Karimnagar,9,22,25.007628865979378,0.8543245055742837,977.3278350515465,1.787965689223894,93.53556701030928,3.4355263937617626
Karimnagar,9,23,24.734845360824746,0.7726107167180837,976.8597938144329,1.7795516636814344,94.21855670103093,2.7031312821471154
Karimnagar,10,0,22.999892473118276,2.1321750961134036,981.1376344086021,2.412734060666188,92.007311827957,5.504919764013654
Karimnagar,10,1,22.642795698924733,2.1766514797571808,980.6376344086021,2.4461999802042045,93.25623655913978,5.099541734308421
Karimnagar,10,2,22.324623655913978,2.2297433850888217,980.4010752688172,2.4632734770085842,94.31118279569893,4.722924400213863
Karimnagar,10,3,22.039354838709677,2.280559049716241,980.5021505376344,2.45649000629053,95.19419354838709,4.442071912427273
Karimnagar,10,4,21.789247311827957,2.3451088027781757,980.9677419354839,2.4386008680283027,95.90967741935484,4.14002191015334
Karimnagar,10,5,21.572903225806453,2.408870644931193,981.7494623655914,2.4372393352670154,96.45655913978494,3.8107615051564006
Karimnagar,10,6,22.330000000000002,2.2484961157646457,982.594623655914,2.4400358867370233,94.56268817204301,2.4722987629826387
Karimnagar,10,7,23.844301075268817,1.9399783716014567,983.3096774193549,2.4358314586215726,88.94741935483871,3.732399829234993
Karimnagar,10,8,25.897311827956987,1.5854838376762135,983.7075268817205,2.4380692895572817,80.60623655913979,6.004090256899612
Karimnagar,10,9,27.629784946236562,1.2236589629455632,983.641935483871,2.440568473543229,73.47978494623656,8.518155160863959
Karimnagar,10,10,28.69139784946237,1.1607237167031006,982.9795698924731,2.4162744922075152,69.79720430107527,8.662832572898324
Karimnagar,10,11,29.360860215053762,1.1106751334152154,981.9537634408601,2.3919956712456383,67.58655913978495,8.607356117655314
Karimnagar,10,12,29.719354838709677,1.083033989642475,980.921505376344,2.3622874628282915,66.35053763440861,8.657361326789477
Karimnagar,10,13,29.78,1.081343769495199,980.1096774193549,2.3277655135591067,66.02150537634408,8.783241942105303
Karimnagar,10,14,29.554301075268818,1.089431840206329,979.6182795698925,2.289481915790247,66.8236559139785,9.059755825597536
Karimnagar,10,15,29.04784946236559,1.1212161966814385,979.5870967741936,2.2632328650411564,69.5816129032258,9.044312444163895
Karimnagar,10,16,28.06043010752688,1.232470930937284,979.9182795698924,2.249151832240137,75.12043010752689,7.682106526374269
Karimnagar,10,17,26.13247311827957,1.5544114333601715,980.4537634408601,2.2422115993980127,85.02010752688172,5.528307291572288
Karimnagar,10,18,25.284301075268818,1.6975195445179931,981.1440860215054,2.2594950554412274,86.4036559139785,6.04684588729245
Karimnagar,10,19,24.861075268817203,1.820359772351269,981.8881720430109,2.2943147817825493,86.93354838709678,6.2080009113697905
Karimnagar,10,20,24.466236559139787,1.9245614486210794,982.3774193548388,2.2962696134051765,87.60548387096775,6.277327823228649
Karimnagar,10,21,24.072688172043012,2.0088435672777902,982.441935483871,2.302565798552159,88.43838709677419,6.314249291039828
Karimnagar,10,22,23.6747311827957,2.0691673348379878,982.2086021505376,2.313413434825272,89.4968817204301,6.155006795195385
Karimnagar,10,23,23.287096774193547,2.1084486263834306,981.836559139785,2.322657068505265,90.65763440860215,5.853820082693215
Karimnagar,11,0,18.764555555555553,2.972157753276575,984.5766666666666,1.4664832197157396,89.59933333333333,4.798159478594111
Karimnagar,11,1,18.304,3.0277038431454524,984.1488888888888,1.4692537618563446,91.73688888888888,4.6056720390553085
Karimnagar,11,2,17.892333333333333,3.0936404684957495,983.9277777777778,1.4600313816681023,93.60644444444445,4.401560323725639
Karimnagar,11,3,17.511333333333333,3.164014730288585,983.9822222222222,1.454985831644832,95.22822222222223,4.2124693384748175
Karimnagar,11,4,17.180333333333333,3.236536312691514,984.3866666666667,1.4598137483169324,96.39766666666668,3.948016441230297
Karimnagar,11,5,16.87666666666667,3.3045991104669405,985.1166666666667,1.4655021764615588,97.30444444444444,3.697396019949658
Karimnagar,11,6,17.404666666666667,3.2679692350676,985.9511111111112,1.4713171080563716,96.027,3.380881624931256
Karimnagar,11,7,19.432333333333336,2.926954566389415,986.671111111111,1.4895323483325895,87.19766666666666,3.691564648026864
Karimnagar,11,8,22.139444444444443,2.8478615518011385,987.1355555555555,1.5160794434664273,76.16966666666666,5.981101595202588
Karimnagar,11,9,25.03044444444445,2.4367919189847633,987.1322222222221,1.5119618758776927,63.76644444444444,7.136758511217868
Karimnagar,11,10,26.783555555555555,2.231422839835002,986.4122222222223,1.5193011239114087,57.449111111111115,7.686034269797681
Karimnagar,11,11,27.834555555555557,2.2249257839464938,985.2966666666666,1.5350914037859886,54.22522222222223,8.124675997381189
Karimnagar,11,12,28.459444444444443,2.236346017081178,984.1433333333333,1.5396665332818393,52.27966666666667,8.479527420847162
Karimnagar,11,13,28.681444444444445,2.242946277220406,983.2122222222223,1.551572437469191,51.406444444444446,8.813943920895975
Karimnagar,11,14,28.472666666666665,2.242726470720826,982.6922222222222,1.5531937215233556,51.807,9.217306322494474
Karimnagar,11,15,27.81544444444444,2.2541358548089088,982.6311111111112,1.5571974570040352,54.64288888888888,9.497363826369767
Karimnagar,11,16,26.05655555555556,2.4036115902229693,982.9522222222222,1.5471777697427314,66.84966666666666,7.805339061512228
Karimnagar,11,17,23.507444444444445,2.656323623640038,983.5044444444444,1.5340268745804366,74.59633333333333,7.613109694039823
Karimnagar,11,18,22.56722222222222,2.736434992269385,984.2433333333332,1.5172454342870718,75.49377777777778,7.5596979277647876
Karimnagar,11,19,21.82922222222222,2.783529094463601,984.99,1.4936607619905153,77.09066666666666,7.130611773870665
Karimnagar,11,20,21.11277777777778,2.806948051851472,985.4411111111111,1.4750276664284139,79.209,6.482909953151763
Karimnagar,11,21,20.432555555555556,2.831158718244202,985.55,1.4618942613816648,81.72077777777778,5.821286437958454
Karimnagar,11,22,19.793666666666667,2.8586664801868413,985.3477777777778,1.4748245203388868,84.398,5.327942495556341
Karimnagar,11,23,19.21322222222222,2.895196652721125,984.9811111111111,1.481488353084368,87.05822222222221,5.09464591789401
Karimnagar,12,0,16.869462365591396,3.328738292634445,985.1268817204301,2.0795662060687015,82.5241935483871,9.740579654497475
Karimnagar,12,1,16.349892473118278,3.4119675869502673,984.7086021505376,2.0854910752093487,85.23430107526882,9.347863205945197
Karimnagar,12,2,15.890107526881721,3.488698989664514,984.4279569892474,2.09810295222372,87.76763440860215,9.140816179647606
Karimnagar,12,3,15.47247311827957,3.5764354539589736,984.4817204301075,2.125566228221626,90.00806451612904,8.88256392407945
Karimnagar,12,4,15.08204301075269,3.6898396215706475,984.8860215053763,2.1427121881558118,91.97268817204301,8.321275918546148
Karimnagar,12,5,14.743763440860215,3.8004558977033303,985.6258064516129,2.186912814399291,93.48526881720429,7.63865094386236
Karimnagar,12,6,14.964193548387097,3.8153691833962964,986.505376344086,2.2368147768548434,93.22333333333334,7.159679877063581
Karimnagar,12,7,17.157849462365593,3.431458002157447,987.3559139784946,2.286798710063032,83.12623655913978,6.803948647976481
Karimnagar,12,8,19.97021505376344,3.2705407671776414,987.9494623655914,2.293782885366136,71.03903225806452,8.329077805902294
Karimnagar,12,9,23.21548387096774,2.8557906527710384,987.9279569892474,2.255542236522909,58.020752688172045,10.118757252763107
Karimnagar,12,10,25.679569892473115,2.438459026043372,987.2258064516129,2.221725887379742,48.880967741935486,11.051224510602012
Karimnagar,12,11,27.221397849462367,2.255326830358398,986.0537634408602,2.1847574305601896,43.854408602150535,11.286604551834465
Karimnagar,12,12,28.083655913978497,2.231386674024372,984.7569892473118,2.172375870745206,41.318494623655916,11.410934396278265
Karimnagar,12,13,28.44774193548387,2.2106659084460905,983.7150537634409,2.1507302216243955,40.04139784946236,11.595927845153026
Karimnagar,12,14,28.268387096774195,2.1669269416079744,983.163440860215,2.1313796790197617,40.07838709677419,11.952464025601998
Karimnagar,12,15,27.50924731182796,2.127635570992988,983.105376344086,2.1158493818855795,42.57817204301075,12.37307981995384
Karimnagar,12,16,25.19494623655914,2.219518466996603,983.447311827957,2.0993058582515314,56.953225806451606,10.56220180039987
Karimnagar,12,17,22.598172043010752,2.2670445931809047,984.0569892473119,2.0659452962928806,61.95505376344086,12.171274773689209
Karimnagar,12,18,21.561397849462367,2.378046600357861,984.894623655914,2.0271186228668543,63.72193548387097,12.229021100756547
Karimnagar,12,19,20.629354838709677,2.5281036914839565,985.5924731182796,1.9944072105646384,66.04451612903226,12.122514852101064
Karimnagar,12,20,19.730860215053763,2.7046560722905633,986.0279569892474,1.985675090075755,68.84225806451613,11.897873040556474
Karimnagar,12,21,18.87010752688172,2.86840339418823,986.152688172043,1.9860158608462242,72.14806451612904,11.503331488904353
Karimnagar,12,22,18.07569892473118,3.0316548780612758,985.9397849462365,2.0033743157236867,75.73623655913978,10.894813875336013
Karimnagar,12,23,17.38827956989247,3.166223104438169,985.5881720430107,2.024730226923717,79.09462365591398,10.23181627371208
Khammam,1,0,18.940887096774194,1.562261760489398,1000.1604838709677,1.7474635996947354,89.45346774193548,9.534267937957903
Khammam,1,1,18.401854838709678,1.590044416690796,999.675,1.764032013056854,92.51443548387097,9.070591298697067
Khammam,1,2,17.98467741935484,1.617193411204134,999.3846774193548,1.7742990992134502,94.24838709677418,8.270684774895352
Khammam,1,3,17.668306451612903,1.6646256063718738,999.449193548387,1.772256655592317,95.27153225806451,7.535785633414218
Khammam,1,4,17.41040322580645,1.7303401607370221,999.8879032258066,1.7506139569679453,95.93709677419355,6.9378533703828476
Khammam,1,5,17.176612903225806,1.7986846535966723,1000.675806451613,1.7215218719872318,96.43572580645161,6.496061242325547
Khammam,1,6,17.816048387096775,1.8289495934896176,1001.6137096774194,1.703288768962766,94.76766129032258,6.5493205889638615
Khammam,1,7,20.397983870967742,1.7969128810759758,1002.5225806451613,1.691337985275379,81.17620967741935,6.472610535376729
Khammam,1,8,23.52733870967742,1.649207796454938,1003.1403225806451,1.6826189108532101,66.05217741935483,6.148025998284613
Khammam,1,9,26.238387096774193,1.3502064805039076,1003.0596774193548,1.6692785723198893,53.84435483870968,6.772980782939958
Khammam,1,10,28.35524193548387,1.4031552502978772,1002.2508064516129,1.6624253008582779,45.2266935483871,7.09530117293073
Khammam,1,11,29.823225806451614,1.5238662577014856,1000.9725806451613,1.6799312176046064,39.87274193548387,6.988863538435811
Khammam,1,12,30.697499999999998,1.6352805507541524,999.558064516129,1.7177739790083468,36.71701612903226,6.926374945519236
Khammam,1,13,31.04064516129032,1.7252405237924775,998.3887096774193,1.7747190171472946,35.08548387096774,7.006527079458474
Khammam,1,14,30.816048387096775,1.7844143757284427,997.7693548387097,1.8194154971074064,34.788709677419355,7.266762955400903
Khammam,1,15,30.023951612903225,1.8119220440114452,997.7104838709678,1.8474248633581922,36.35370967741935,7.878183983277945
Khammam,1,16,27.837580645161292,1.9313895629442521,998.0830645161291,1.8530450340568334,49.469919354838716,9.051519523510974
Khammam,1,17,24.987983870967742,1.8490454491192128,998.7443548387097,1.8540793266439295,57.88677419354839,9.257780076702888
Khammam,1,18,23.957903225806454,1.7503524728398288,999.6774193548387,1.8216332665141781,59.814516129032256,9.139216610397757
Khammam,1,19,23.056370967741938,1.6353614426957621,1000.5250000000001,1.770793997650162,63.0533064516129,8.812661597136763
Khammam,1,20,22.13475806451613,1.5541978108658778,1001.0209677419356,1.7444580864013701,67.63330645161291,8.927579695662036
Khammam,1,21,21.234516129032258,1.5214185479715043,1001.1395161290322,1.7466724949502253,73.15467741935484,9.133543149523161
Khammam,1,22,20.399354838709677,1.5302238222680247,1000.925806451613,1.7488147422997327,78.9674193548387,9.489604913599285
Khammam,1,23,19.63443548387097,1.5498614165266447,1000.5830645161291,1.7636677310997455,84.54935483870969,9.720736090928948
Khammam,2,0,21.65433628318584,1.628412831621526,998.9769911504425,2.1163483058576777,76.50433628318584,13.447222222193206
Khammam,2,1,20.98362831858407,1.6238848162150405,998.4884955752212,2.1140158218588314,81.75991150442479,13.30739922371165
Khammam,2,2,20.437079646017697,1.583227197742416,998.2283185840708,2.097041667383056,85.81398230088496,12.84300417819416
Khammam,2,3,20.01132743362832,1.535637085349723,998.3362831858407,2.062681245149123,88.77345132743362,12.284810217871819
Khammam,2,4,19.679646017699117,1.5012119682369127,998.8398230088495,2.030593677395837,90.75548672566373,11.729614762821377
Khammam,2,5,19.404070796460175,1.4869081278469742,999.7106194690266,1.9922780765396526,92.11982300884956,11.313632183462577
Khammam,2,6,20.533893805309734,1.496364304398879,1000.6840707964602,1.9652138365873846,86.82486725663718,11.08263620288224
Khammam,2,7,23.56203539823009,1.5032929089716185,1001.5265486725664,1.959228059498864,70.53778761061946,9.439519106103237
Khammam,2,8,27.237787610619467,1.4679442224424863,1002.0601769911505,1.948467338292967,52.07725663716814,8.855885477202998
Khammam,2,9,30.4729203539823,1.6980480818406576,1002.0061946902655,1.9472637939390463,38.85371681415929,8.783610670964972
Khammam,2,10,32.8887610619469,1.763056970122878,1001.1115044247788,1.9560689538491505,31.12070796460177,7.887532965384381
Khammam,2,11,34.451061946902655,1.7829521881017714,999.7380530973451,1.9585124905721119,26.94345132743363,7.117057699879449
Khammam,2,12,35.40070796460177,1.7990755149789355,998.2902654867257,1.9531551672765162,24.443008849557522,6.647162510231034
Khammam,2,13,35.784336283185844,1.802806282728895,996.9982300884956,1.963005271665495,23.069380530973454,6.411373304413507
Khammam,2,14,35.58601769911504,1.816569343090257,996.2274336283185,1.9680595858616512,22.611061946902655,6.418986118599351
Khammam,2,15,34.82141592920354,1.8196123347220348,996.0840707964602,1.959982068598811,23.050442477876103,6.68253338794777
Khammam,2,16,33.116725663716814,1.9262771470590405,996.4123893805311,1.9695962577284012,27.487787610619467,8.681453726861122
Khammam,2,17,29.664513274336283,1.9423503762702619,997.0654867256636,1.9723884139858663,35.81522123893805,10.550913729671636
Khammam,2,18,28.217433628318584,1.8232353399740997,997.9982300884956,1.9796726957507043,38.0358407079646,10.303603454761397
Khammam,2,19,27.03221238938053,1.7680405490427586,998.9884955752212,2.003200662706941,41.87805309734514,10.63441883851063
Khammam,2,20,25.79088495575221,1.687170368610734,999.6309734513275,2.0292978925699763,47.639557522123894,11.195035840989377
Khammam,2,21,24.595132743362832,1.626662399694236,999.8469026548672,2.070803449856929,54.78973451327433,12.02035197221905
Khammam,2,22,23.519115044247787,1.6054669756369744,999.7504424778762,2.093234164337758,62.37327433628319,12.696654469532927
Khammam,2,23,22.581238938053097,1.6368699075322315,999.446017699115,2.1323208096808988,69.6033628318584,13.05963503172353
Khammam,3,0,25.020887096774196,1.6688061124072384,996.5137096774193,2.250070809271243,69.27685483870968,13.24486385293643
Khammam,3,1,24.38225806451613,1.7091722138036605,996.0258064516129,2.2638865411449722,73.80419354838709,13.351243241448177
Khammam,3,2,23.819112903225808,1.739146137609556,995.7935483870967,2.2798424541020172,77.72290322580645,13.234893383962996
Khammam,3,3,23.343548387096774,1.749569142569544,995.917741935484,2.270741735738025,81.02225806451614,12.889990560442952
Khammam,3,4,22.968145161290323,1.7488157976768282,996.4604838709678,2.2552132395486315,83.61653225806452,12.493517606580735
Khammam,3,5,22.703306451612903,1.7677337114027067,997.2967741935485,2.269627507272494,85.50322580645161,12.279441047393066
Khammam,3,6,24.15,1.640531343629525,998.2225806451613,2.2809511177518984,78.68411290322581,11.3140249688287
Khammam,3,7,26.987177419354836,1.5280864065318551,999.0338709677419,2.292223938632756,63.30564516129032,10.455195716320272
Khammam,3,8,30.551048387096774,1.6998712617674148,999.4854838709678,2.293741699380635,45.5333064516129,10.89165024576421
Khammam,3,9,33.736935483870965,1.969679177136337,999.300806451613,2.312022166593472,33.696935483870966,9.66312723349761
Khammam,3,10,36.04508064516129,2.0877791896326077,998.4677419354839,2.2721197576324723,27.39758064516129,8.302640521399795
Khammam,3,11,37.55846774193548,2.1156574808287663,997.1572580645161,2.209777731790726,24.026854838709678,7.347846802238284
Khammam,3,12,38.45895161290323,2.144654090610269,995.7024193548388,2.1688280792505688,22.089193548387097,6.82459619065381
Khammam,3,13,38.78266129032258,2.1662237604361207,994.433870967742,2.150208426152751,21.12290322580645,6.613407516736627
Khammam,3,14,38.55217741935484,2.1468046061639945,993.5943548387097,2.1374060116017564,20.914354838709677,6.6214819457292675
Khammam,3,15,37.77951612903226,2.106839367794553,993.3556451612903,2.1382046423525902,21.47798387096774,6.880299078846201
Khammam,3,16,36.439919354838715,2.0639328217339044,993.6354838709677,2.1604799808619437,23.30822580645161,7.523320712971295
Khammam,3,17,33.64072580645161,2.0938874156870315,994.2919354838709,2.182286291763375,29.403225806451612,9.976977771075356
Khammam,3,18,31.82241935483871,2.0017652254532052,995.2475806451613,2.20997236158557,33.05008064516129,10.89227782668098
Khammam,3,19,30.480887096774193,1.910047891153208,996.3056451612903,2.2430852163259134,37.40572580645161,11.286816626056389
Khammam,3,20,29.028790322580647,1.7821137503236346,997.1338709677419,2.2365001366563626,43.8941129032258,12.01292251439019
Khammam,3,21,27.726209677419355,1.6711480853466048,997.4346774193548,2.21102354088501,51.16451612903226,12.621528282530985
Khammam,3,22,26.676693548387096,1.6127639869744153,997.3290322580646,2.1815476789136947,58.01298387096774,12.928372213751377
Khammam,3,23,25.830000000000002,1.622186620242663,996.9379032258065,2.1804226017599997,64.00419354838711,13.052869671509841
Khammam,4,0,28.502416666666665,1.310611503842997,993.6108333333334,1.8838453358223537,63.1805,9.823989318726566
Khammam,4,1,27.889333333333333,1.282705081041613,993.1466666666668,1.8782225341942695,67.39708333333333,10.004626190072333
Khammam,4,2,27.34725,1.2734093472038837,992.9291666666667,1.8798531961873466,71.175,10.31122371272109
Khammam,4,3,26.87091666666667,1.2535589643215086,993.1408333333333,1.8674341284472153,74.51583333333333,10.610018777522674
Khammam,4,4,26.471833333333333,1.2297967197829058,993.7458333333333,1.8577973690437855,77.33816666666667,10.895850569636792
Khammam,4,5,26.29366666666667,1.2168342542190775,994.5300000000001,1.8555209465789853,78.98075,11.155032640664281
Khammam,4,6,27.779083333333332,1.155185601758351,995.3808333333333,1.843694493063774,71.81441666666666,10.533359395798872
Khammam,4,7,30.53441666666667,1.3142354366372733,996.1408333333333,1.8487559220685308,56.44883333333333,9.73266830015779
Khammam,4,8,33.894666666666666,1.7434617034751851,996.3991666666666,1.8476192190793324,40.906416666666665,9.118844906564213
Khammam,4,9,36.80675,1.9114450350059076,996.0825,1.839969971439315,31.427833333333336,7.4056214377695415
Khammam,4,10,39.008583333333334,1.9114881772641776,995.2866666666666,1.839160081102696,26.15666666666667,5.971043478663477
Khammam,4,11,40.531666666666666,1.8907396326685013,994.1083333333333,1.8285588453698367,23.092,5.0910282925584145
Khammam,4,12,41.48158333333333,1.8703538495185787,992.7175000000001,1.7806458322282304,21.2805,4.562128695608456
Khammam,4,13,41.8805,1.8552368985064498,991.4516666666666,1.7602512871285045,20.35983333333333,4.279338475408884
Khammam,4,14,41.70941666666667,1.831863768664794,990.615,1.7633833980173785,20.171499999999998,4.194587078164253
Khammam,4,15,41.000083333333336,1.8253769017201167,990.2824999999999,1.7876167177032012,20.658833333333334,4.3315898809049935
Khammam,4,16,39.79925,1.825327028371688,990.4766666666667,1.828703601665739,21.965833333333332,4.745023148296658
Khammam,4,17,37.669,1.8013554187160854,991.1458333333334,1.8656963389393317,26.117083333333333,6.129176592926893
Khammam,4,18,35.511583333333334,1.690728049549961,992.0816666666667,1.9020547639145633,30.565,7.0522813520808665
Khammam,4,19,34.13516666666667,1.6367969249938934,993.1141666666666,1.9389547488808,34.55116666666667,7.433262647413598
Khammam,4,20,32.60208333333333,1.6092066503147953,993.9616666666666,1.9460446130175226,40.52333333333333,8.547204204878218
Khammam,4,21,31.223583333333334,1.54120480855231,994.4425,1.9544675175890662,47.10808333333333,9.471804713506943
Khammam,4,22,30.128416666666666,1.4415671886470474,994.4266666666666,1.9367621482896926,53.207750000000004,9.940844143729239
Khammam,4,23,29.270416666666666,1.3627637487892046,994.0191666666667,1.9245121976437694,58.53675,10.078052379746175
Khammam,5,0,29.10491935483871,2.1432637887670833,990.7306451612903,2.716710631177625,71.58766129032259,14.449744426742091
Khammam,5,1,28.66201612903226,2.036833577916463,990.2620967741935,2.7335195080934627,74.30693548387096,14.031131135403635
Khammam,5,2,28.283548387096772,1.9465037214136154,990.1048387096774,2.7544451830553576,76.66887096774194,13.562933299641804
Khammam,5,3,27.960564516129033,1.866068560866028,990.3096774193548,2.760829949293714,78.69959677419355,13.048756810808907
Khammam,5,4,27.68991935483871,1.7959695146378538,990.8362903225806,2.768179663015866,80.37145161290321,12.631097622296373
Khammam,5,5,27.708790322580644,1.720858923721739,991.5604838709677,2.75160909460152,80.44806451612902,12.151054133228495
Khammam,5,6,29.023790322580645,1.7690586320082267,992.3862903225806,2.744138903468919,73.2366935483871,11.859020834679244
Khammam,5,7,31.264193548387098,2.1751987468391762,993.0040322580645,2.7387136970479493,60.83790322580645,12.638291170006953
Khammam,5,8,33.71298387096774,2.761840431459323,993.2435483870968,2.717071652255933,49.78282258064516,13.231996546956658
Khammam,5,9,35.86112903225806,3.232474752239481,992.9830645161289,2.6978377904853788,42.343709677419355,13.142066602391509
Khammam,5,10,37.56596774193549,3.565493368147046,992.2862903225806,2.6728789836746407,37.45314516129032,12.816164676665453
Khammam,5,11,38.80895161290323,3.79786500112173,991.2975806451612,2.6385344450724357,34.22895161290323,12.535310959173216
Khammam,5,12,39.61387096774193,3.935889215688707,990.2056451612904,2.6063182273725074,32.18032258064516,12.371112623259561
Khammam,5,13,39.950887096774196,4.0126085856891125,989.1983870967742,2.587115789658511,31.135564516129033,12.416188901317593
Khammam,5,14,39.79209677419355,4.006350299495283,988.5008064516129,2.5749100850271804,31.002822580645162,12.717083929721605
Khammam,5,15,39.20451612903226,3.921117800400264,988.183870967742,2.5722214339295406,31.700483870967744,13.230659752542298
Khammam,5,16,38.18370967741935,3.7980481653405933,988.3379032258064,2.557043285621577,33.80516129032258,14.21721048439228
Khammam,5,17,36.31596774193549,3.545487666837796,988.9314516129032,2.545308674733269,40.815241935483876,15.828462603685677
Khammam,5,18,34.1958064516129,3.2696960642356903,989.7451612903226,2.558084739556078,48.86427419354839,17.51191627618303
Khammam,5,19,33.12572580645161,3.0376288285135193,990.6024193548387,2.5929693469252513,51.91104838709678,16.850835245929044
Khammam,5,20,32.0541935483871,2.7825586566470815,991.2879032258064,2.6244501628389028,56.116370967741936,15.98764992541702
Khammam,5,21,31.095000000000002,2.5446582021665796,991.7088709677419,2.664918494971494,60.62822580645161,15.230283058101639
Khammam,5,22,30.302419354838708,2.3671695461267985,991.6814516129032,2.6785922444959227,64.81645161290322,14.721232229792902
Khammam,5,23,29.65032258064516,2.236297002935797,991.2572580645161,2.69797193893265,68.53572580645161,14.439188386385853
Khammam,6,0,28.6075,2.4834948436941575,989.3691666666667,1.6737115116081085,74.45058333333333,15.302388361717565
Khammam,6,1,28.232000000000003,2.373783846077639,988.9266666666666,1.6859644689246007,76.12491666666666,14.82373137093706
Khammam,6,2,27.903000000000002,2.2837326073445476,988.7508333333334,1.6791352232739403,77.40233333333335,14.415339211889457
Khammam,6,3,27.608333333333334,2.212923589355249,988.9150000000001,1.6607505643457614,78.45366666666668,14.110652745226147
Khammam,6,4,27.33625,2.1446482395555124,989.3625,1.6645620465223243,79.45416666666667,13.840796631717414
Khammam,6,5,27.369083333333332,2.070413020880328,990.0400000000001,1.6793556187174146,78.97783333333334,13.40635395469415
Khammam,6,6,28.416249999999998,2.118308371588721,990.8083333333333,1.6905363543166165,73.19183333333334,13.142062945343989
Khammam,6,7,30.160416666666666,2.42025882213172,991.3608333333334,1.6863413648723342,64.15991666666666,13.289870692305747
Khammam,6,8,32.0545,2.83879097534156,991.5849999999999,1.6712924601621983,55.732083333333335,13.222826576873524
Khammam,6,9,33.748916666666666,3.167467454770583,991.3633333333333,1.6581823263594715,49.632,12.939135580858247
Khammam,6,10,35.09316666666667,3.39463119946662,990.7666666666667,1.6606839399655007,45.52891666666667,12.631652439579783
Khammam,6,11,36.050333333333334,3.557824831974445,989.9033333333333,1.7030340366451768,42.86291666666667,12.467558938114156
Khammam,6,12,36.616499999999995,3.6825994769405774,988.9825,1.7548330620404182,41.31616666666666,12.4955219665161
Khammam,6,13,36.75916666666667,3.7202576452147373,988.1875,1.7924942717581753,40.778749999999995,12.647929552056397
Khammam,6,14,36.500416666666666,3.6941960828953797,987.6583333333333,1.7903374327900696,41.24175,12.957154194147899
Khammam,6,15,35.95191666666666,3.6380353678235475,987.4416666666667,1.7769572394439732,42.70975,13.5451514139832
Khammam,6,16,35.07608333333334,3.584179124011135,987.63,1.7455634037864658,46.0685,14.55838986214311
Khammam,6,17,33.54241666666667,3.464158135772074,988.1683333333333,1.7092424649304565,54.36358333333333,16.042414568981847
Khammam,6,18,31.966666666666665,3.2346930635975824,988.8566666666667,1.6788718367575388,61.821583333333336,16.937021158021945
Khammam,6,19,31.275916666666667,3.146684929162329,989.5533333333333,1.6583850265720717,63.91883333333333,17.124952956241994
Khammam,6,20,30.638916666666667,3.0268984030814488,990.1191666666667,1.631017408587275,66.00875,17.014262458178973
Khammam,6,21,30.028583333333334,2.8881759228039514,990.4766666666667,1.6267580449146402,68.31041666666667,16.75990540655569
Khammam,6,22,29.466166666666666,2.7427950484626336,990.4083333333333,1.6409457886329855,70.59708333333333,16.34285922732278
Khammam,6,23,28.967083333333335,2.609536613564759,989.935,1.6620656379560024,72.69183333333334,15.900398757397808
Khammam,7,0,26.44991935483871,1.0467304853163657,988.5032258064516,1.8522206177693001,84.4858064516129,7.19549001667854
Khammam,7,1,26.15233870967742,0.9667345999715046,988.0443548387096,1.8490297354279652,85.35645161290323,6.780763944004124
Khammam,7,2,25.874354838709678,0.911651982107461,987.8395161290323,1.8612356481512804,86.2041935483871,6.341518129744391
Khammam,7,3,25.623709677419356,0.8895924596666893,987.9612903225806,1.866639503755039,86.99604838709678,5.995849623955458
Khammam,7,4,25.404677419354837,0.8768480465404143,988.3951612903226,1.8640307247681522,87.71629032258065,5.704678078565706
Khammam,7,5,25.419516129032257,0.8934293615770535,989.0491935483872,1.8500053160873555,87.48314516129032,5.668223989775726
Khammam,7,6,26.249112903225804,1.051758892349872,989.8024193548387,1.8651037465281683,83.53032258064516,6.691511664069658
Khammam,7,7,27.592177419354837,1.3611368756604605,990.3693548387097,1.8804158603950183,76.75903225806452,8.139695507714066
Khammam,7,8,29.14943548387097,1.6603346231541645,990.6258064516129,1.8864028213801267,69.07701612903226,9.114599829313319
Khammam,7,9,30.621048387096774,1.9170666186661032,990.4677419354839,1.854572393337477,62.738064516129036,9.628533871578222
Khammam,7,10,31.845806451612905,2.1194481168356174,989.9056451612903,1.8179011582133127,58.06572580645161,9.944127504544866
Khammam,7,11,32.74032258064516,2.266875983454768,989.058870967742,1.7842587263980383,54.91314516129032,10.179820894405342
Khammam,7,12,33.27169354838709,2.3657817153820626,988.1701612903227,1.7420191927998172,53.135241935483876,10.449536222151895
Khammam,7,13,33.428548387096775,2.4035981474760333,987.3887096774193,1.7229304624511217,52.62467741935484,10.762017856813852
Khammam,7,14,33.21693548387096,2.3939996731052826,986.9056451612903,1.7031917631344167,53.38959677419355,11.197970518738032
Khammam,7,15,32.67685483870967,2.360961760393721,986.7524193548387,1.6917044711868858,55.626290322580644,11.878569037833312
Khammam,7,16,31.76233870967742,2.27191374108804,987.0088709677419,1.7033688331037622,60.306451612903224,12.284470478977074
Khammam,7,17,30.306451612903224,1.9782468191088913,987.5975806451613,1.708917962688554,69.07306451612902,11.085181654849283
Khammam,7,18,28.995967741935484,1.687467877131097,988.3120967741935,1.7305289732171214,75.82048387096773,9.770654824469277
Khammam,7,19,28.42854838709677,1.5780499922776392,988.9927419354839,1.7690736810429584,77.91548387096775,9.207494504397934
Khammam,7,20,27.936370967741937,1.4545903425075137,989.5298387096774,1.7672715564569277,79.71459677419355,8.662299343556988
Khammam,7,21,27.503548387096775,1.3247544294897318,989.8314516129033,1.7651258936415453,81.35346774193549,8.116923106850782
Khammam,7,22,27.11,1.209283870592343,989.6185483870968,1.7826793999954373,82.73709677419355,7.658861149308018
Khammam,7,23,26.760241935483872,1.1074540227639522,989.0733870967742,1.8129663457684735,83.72129032258064,7.292418266610201
Khammam,8,0,25.74314516129032,0.7518425788087082,990.7048387096773,1.6923959462296372,92.06629032258064,3.393320667252048
Khammam,8,1,25.47758064516129,0.6963486312241228,990.2024193548388,1.6683307323392398,92.75879032258065,3.134031558446156
Khammam,8,2,25.235,0.6685982180919804,989.9508064516128,1.683323076572202,93.36282258064516,2.8931122467563366
Khammam,8,3,25.01443548387097,0.648277646053706,990.0250000000001,1.685694231066453,93.91451612903225,2.6503260590444175
Khammam,8,4,24.82008064516129,0.6325782781571995,990.4153225806451,1.6616694688027418,94.35346774193549,2.3759099392867027
Khammam,8,5,24.7525,0.6526551461816555,990.983870967742,1.6702264632378825,94.38620967741934,2.176726711185891
Khammam,8,6,25.42016129032258,0.789537256540178,991.7306451612903,1.7200480906188353,91.3408064516129,2.810394641956058
Khammam,8,7,26.583467741935483,0.9978065735905695,992.3975806451613,1.7649461038629857,85.78935483870967,4.833349045435988
Khammam,8,8,27.990967741935485,1.2662661450779056,992.741935483871,1.7517515867897249,78.79524193548387,6.540559691586251
Khammam,8,9,29.27596774193548,1.4414395014530859,992.691935483871,1.7323604261845684,72.9708064516129,7.204704153952071
Khammam,8,10,30.293870967741935,1.5489601598205318,992.2379032258065,1.7239391809172504,68.80677419354839,7.485026087184521
Khammam,8,11,31.011048387096775,1.6470539447227126,991.4580645161291,1.7146474085483328,66.03193548387097,7.769640277682382
Khammam,8,12,31.430725806451612,1.749418567004661,990.5653225806452,1.7133167735828287,64.44677419354838,8.122993415601034
Khammam,8,13,31.562258064516126,1.8244499510587229,989.7750000000001,1.7368612471552873,63.98161290322581,8.47329083296418
Khammam,8,14,31.419677419354837,1.8317874941026888,989.2443548387097,1.7580616829895237,64.6741935483871,8.743007063652644
Khammam,8,15,30.99782258064516,1.788123220360747,989.0362903225806,1.7966244173842327,67.00112903225806,8.998251429929228
Khammam,8,16,30.236290322580647,1.6932162438273703,989.2161290322581,1.8414551994302193,72.06258064516129,8.566934816368981
Khammam,8,17,29.00201612903226,1.514113000604489,989.7,1.8891216180555375,80.86782258064517,6.838216564968137
Khammam,8,18,27.92427419354839,1.301319638772674,990.3354838709678,1.8702286086246716,85.86354838709677,5.274141735526275
Khammam,8,19,27.450000000000003,1.1677001229921031,991.0209677419356,1.8051540570496867,87.2158064516129,4.833800049814234
Khammam,8,20,27.04233870967742,1.0614341493699588,991.6306451612903,1.7501301888556562,88.365,4.448011613864465
Khammam,8,21,26.671290322580642,0.9709118735740403,991.9774193548387,1.719133772689783,89.48612903225806,4.075644237503434
Khammam,8,22,26.32693548387097,0.8864198361302202,991.8233870967742,1.703277990810205,90.48572580645161,3.853668334395646
Khammam,8,23,26.001451612903224,0.8143256909695228,991.3298387096773,1.6983961750044139,91.43725806451613,3.591417578832095
Khammam,9,0,25.148144329896905,0.6945162133590218,990.8103092783506,1.718858907827275,94.48546391752578,2.457962833924739
Khammam,9,1,24.91257731958763,0.6543385310603682,990.2628865979382,1.7256834145991564,95.12762886597937,1.9156639260296708
Khammam,9,2,24.703917525773196,0.6260966324195889,989.9701030927836,1.7716026729850602,95.62824742268042,1.5993625099221043
Khammam,9,3,24.52855670103093,0.6198521155800014,990.0577319587629,1.794368218177474,95.93731958762886,1.486338142511042
Khammam,9,4,24.38144329896907,0.6281072587722056,990.4824742268041,1.8124000150168407,96.1062886597938,1.3670477006335775
Khammam,9,5,24.28298969072165,0.6448581319245947,991.1020618556701,1.8529806720886355,96.11989690721649,1.2934776241826496
Khammam,9,6,24.93164948453608,0.6365805140428866,991.8525773195876,1.8995116029908787,93.85567010309278,1.801762393704478
Khammam,9,7,25.972474226804124,0.7911792766284519,992.5948453608247,1.934358804941383,89.8601030927835,3.636489119227665
Khammam,9,8,27.290000000000003,1.135720219361558,992.9731958762886,1.9523231601478117,83.9201030927835,6.030344361167203
Khammam,9,9,28.42701030927835,1.4534837209187947,992.860824742268,1.8998112132651799,78.76443298969072,7.324956764529999
Khammam,9,10,29.27701030927835,1.686572068914523,992.4092783505155,1.825004707426984,75.18505154639175,8.11041076381042
Khammam,9,11,29.84546391752577,1.8496728430424314,991.6041237113403,1.749459293001552,72.96494845360826,8.672190962557572
Khammam,9,12,30.15927835051546,1.9446246678465373,990.659793814433,1.7305863525728384,71.78515463917526,9.048465007185154
Khammam,9,13,30.226494845360822,1.979032297844239,989.8546391752577,1.7485124998693198,71.63422680412371,9.276370724751361
Khammam,9,14,30.050103092783505,1.9428423630327032,989.3814432989691,1.7626524695816255,72.70051546391753,9.349445212053812
Khammam,9,15,29.656288659793812,1.8316837197346318,989.3309278350516,1.7337556071011078,75.42876288659794,9.024118176878838
Khammam,9,16,28.959690721649487,1.6370619347937068,989.6371134020619,1.6884608121272493,79.43381443298969,7.937947552119894
Khammam,9,17,27.743092783505155,1.2872834452384136,990.1814432989692,1.63052457668969,87.00391752577319,5.394608913207745
Khammam,9,18,27.009587628865976,1.126313046261426,990.8536082474227,1.6138761476430834,89.03752577319587,5.156160156980479
Khammam,9,19,26.65721649484536,1.0501039058390478,991.5164948453609,1.6283094769045559,89.94453608247423,4.900752922727487
Khammam,9,20,26.3019587628866,0.9521058230479352,992.0742268041237,1.647996153825634,91.01546391752578,4.371467149934374
Khammam,9,21,25.964432989690724,0.8515806003546253,992.2309278350515,1.655002569531132,92.05164948453609,3.7906004033036527
Khammam,9,22,25.65639175257732,0.7698839002935921,992.0164948453609,1.6704341010380113,92.99092783505155,3.243086904759307
Khammam,9,23,25.380515463917526,0.7223621136216096,991.5061855670103,1.6880594401677522,93.77567010309278,2.8356116724087945
Khammam,10,0,24.08010752688172,1.2361814403758402,995.1913978494624,2.3590093680803474,92.62666666666668,5.620085550434517
Khammam,10,1,23.76645161290323,1.2817359535795416,994.6516129032259,2.4023816490428143,93.45268817204301,5.05348333153887
Khammam,10,2,23.48763440860215,1.3518468830917638,994.4021505376344,2.4217303593946586,94.16333333333334,4.487565267378907
Khammam,10,3,23.235913978494626,1.4359553981803725,994.5096774193548,2.403849472432679,94.74623655913977,4.029162420776424
Khammam,10,4,23.00784946236559,1.510973519652843,994.9956989247313,2.4087212004322938,95.24881720430106,3.5997783293656096
Khammam,10,5,22.801720430107526,1.5773165321932843,995.7849462365591,2.436227761027242,95.707311827957,3.1922096544233036
Khammam,10,6,23.5552688172043,1.5519921219249357,996.6462365591399,2.4427603390153094,93.32709677419355,3.66565688420327
Khammam,10,7,24.97784946236559,1.301926540255837,997.3559139784946,2.428564720409077,88.10655913978495,6.003874382180882
Khammam,10,8,27.10709677419355,1.0133635133051584,997.741935483871,2.4006033019188817,79.41064516129032,9.825745331442949
Khammam,10,9,28.736666666666668,1.164802029580967,997.6376344086021,2.3902844099692433,72.58817204301076,11.32172660689984
Khammam,10,10,29.773763440860215,1.3190476752257554,996.9,2.324351241884978,68.54677419354839,11.555387898338427
Khammam,10,11,30.41967741935484,1.4185682092785905,995.821505376344,2.2593212458211025,66.15129032258064,11.775405857106545
Khammam,10,12,30.771612903225808,1.480053091235301,994.7451612903226,2.1961189150226312,64.84763440860215,12.021501334822988
Khammam,10,13,30.83956989247312,1.4922472941539378,993.8989247311829,2.141387939979651,64.51623655913978,12.217748130413149
Khammam,10,14,30.623870967741937,1.473873211656712,993.4236559139785,2.095460821449833,65.39279569892473,12.549439565313644
Khammam,10,15,30.063655913978497,1.3721823184622803,993.420430107527,2.0902755767864716,68.46043010752688,12.897650098908187
Khammam,10,16,29.026989247311832,1.2139925013612693,993.8225806451613,2.0943572757094637,73.90666666666667,11.817124395787129
Khammam,10,17,27.15258064516129,1.094364917305931,994.4268817204301,2.1330290660766296,84.04064516129031,8.955270710162043
Khammam,10,18,26.34763440860215,1.104906446806462,995.1913978494624,2.181725280297904,86.01924731182795,8.470020819819283
Khammam,10,19,25.89763440860215,1.1077438860422801,995.9913978494624,2.237363350890584,87.22075268817204,7.880043759059567
Khammam,10,20,25.480967741935483,1.1253550787622237,996.5354838709678,2.2652212273806493,88.43903225806451,7.316691320493363
Khammam,10,21,25.08258064516129,1.142479096208544,996.6161290322581,2.2748765051326516,89.59010752688171,6.933585165639905
Khammam,10,22,24.715913978494623,1.181878788531523,996.3774193548388,2.274390937690229,90.5258064516129,6.783237863929998
Khammam,10,23,24.366129032258065,1.2141547715413636,995.9440860215054,2.281850048687191,91.43483870967742,6.470439070664451
Khammam,11,0,21.235,2.6776881903880843,998.5422222222222,1.5351300334906772,89.99022222222222,5.321034151783319
Khammam,11,1,20.823666666666668,2.7239328185548204,998.0755555555556,1.540633979463251,91.38155555555555,5.025193586994093
Khammam,11,2,20.437666666666665,2.7881079928466312,997.8133333333333,1.5458679973298073,92.62422222222223,4.618632751084275
Khammam,11,3,20.082,2.868285006132497,997.8677777777779,1.5475844009785749,93.72411111111111,4.108993122639367
Khammam,11,4,19.758777777777777,2.952902144273989,998.2833333333333,1.5344910952326665,94.63777777777777,3.7160129587520365
Khammam,11,5,19.46522222222222,3.0333636270455036,999.0388888888889,1.5453950765327915,95.371,3.5563303425888275
Khammam,11,6,19.983666666666668,3.0341740634299517,999.9033333333334,1.5449410010188713,93.04077777777778,3.830120198711686
Khammam,11,7,21.697222222222223,2.9349739304692877,1000.6322222222221,1.5494709338292048,85.40566666666668,5.257686518621079
Khammam,11,8,24.13288888888889,2.7656627482312057,1001.09,1.5698028216551438,76.16644444444444,8.067504286842814
Khammam,11,9,26.57933333333333,2.3029745299054594,1000.9966666666667,1.5639513484199703,66.54188888888889,9.122449761464138
Khammam,11,10,28.181,2.2246317963234903,1000.2466666666667,1.5744590653029382,61.07955555555555,10.040898378615731
Khammam,11,11,29.170333333333332,2.3348991027932517,999.0822222222222,1.5860754886449875,57.98733333333333,10.706849199240684
Khammam,11,12,29.747444444444444,2.441357405220498,997.9122222222223,1.5979500757045961,56.20211111111111,11.17615996990509
Khammam,11,13,29.90088888888889,2.4808396750160244,996.9688888888888,1.5926548004380285,55.62166666666666,11.522512429875233
Khammam,11,14,29.645555555555553,2.4697800980722846,996.4644444444444,1.5854897595941373,56.41388888888889,11.958717632055954
Khammam,11,15,28.97122222222222,2.4030564936888537,996.4566666666667,1.5671522874739507,59.581,12.605544709203569
Khammam,11,16,27.406222222222222,2.3272873623419077,996.8444444444444,1.547169297122198,69.26622222222223,11.573732034589765
Khammam,11,17,25.022222222222222,2.414537794082169,997.4811111111111,1.5211537936448285,78.81655555555555,9.696928178159547
Khammam,11,18,24.215777777777777,2.462493017284474,998.2855555555556,1.5209814329408833,80.27199999999999,9.249226533103956
Khammam,11,19,23.636777777777777,2.4946080405356508,999.0611111111111,1.5128434753053621,81.71122222222222,8.610604100977499
Khammam,11,20,23.09777777777778,2.524304232887703,999.5433333333333,1.5171713775193705,83.3021111111111,7.694692537453506
Khammam,11,21,22.598333333333333,2.557754128092706,999.6355555555555,1.5273764766334805,84.97466666666666,6.739872669086974
Khammam,11,22,22.105222222222224,2.5911908796500382,999.3922222222222,1.5573838462127667,86.84944444444444,5.96121572720843
Khammam,11,23,21.635666666666665,2.623541670886212,998.9944444444444,1.5648786513682384,88.66866666666667,5.385432535600606
Khammam,12,0,19.06451612903226,2.7275221738743323,999.2279569892473,2.3869830690733536,90.45473118279571,6.731054829054238
Khammam,12,1,18.56806451612903,2.872472521556434,998.7688172043011,2.3926962458527936,92.31172043010753,6.147159581545859
Khammam,12,2,18.148064516129033,3.0038302570524413,998.5043010752687,2.407818513784786,93.74881720430106,5.563578542133057
Khammam,12,3,17.77935483870968,3.1268579890347548,998.5698924731183,2.4263850793989366,94.90913978494623,5.058401245950184
Khammam,12,4,17.456989247311828,3.245641822019123,998.9989247311827,2.4524829753278468,95.6236559139785,4.632343003967308
Khammam,12,5,17.173548387096776,3.3470196493237547,999.7387096774194,2.482023729788158,96.02860215053764,4.56184258906274
Khammam,12,6,17.533548387096772,3.2847558459864183,1000.6268817204301,2.5318467132384317,94.19505376344085,5.311875461735818
Khammam,12,7,19.481720430107526,2.9504773466618945,1001.4967741935484,2.5609293325437794,84.70602150537634,5.904145216596806
Khammam,12,8,22.041505376344087,2.7734764506397744,1002.0698924731183,2.556355462212078,74.76559139784946,6.913870976139769
Khammam,12,9,24.762150537634408,2.282978055781318,1001.983870967742,2.515356761046752,64.68107526881721,8.106897822810549
Khammam,12,10,26.62247311827957,2.044592898733661,1001.2655913978494,2.4704556270337874,58.06333333333334,8.874639653839878
Khammam,12,11,27.76913978494624,2.0515294696958124,1000.0806451612904,2.4338758705315633,54.29419354838709,9.370366486566391
Khammam,12,12,28.428924731182793,2.1089150633140767,998.7924731182795,2.3937979900577226,52.19451612903226,9.728477976061585
Khammam,12,13,28.644516129032258,2.128801722611466,997.7537634408603,2.376541108225015,51.431720430107525,10.094095952332932
Khammam,12,14,28.388924731182797,2.10772155076931,997.2430107526882,2.364014540962703,52.09505376344086,10.587104196559945
Khammam,12,15,27.648387096774197,2.0325082439121465,997.2322580645161,2.341411748530567,55.33086021505377,11.017360673433032
Khammam,12,16,25.732580645161292,2.0705633045905567,997.6268817204301,2.3251058781383787,68.86569892473119,8.836592078428334
Khammam,12,17,23.404516129032256,2.2311980190652076,998.2817204301075,2.3030200511010754,75.52365591397849,8.6292029186219
Khammam,12,18,22.570752688172043,2.311230726427101,999.1462365591399,2.2753193344816522,77.45032258064516,8.476872686727376
Khammam,12,19,21.918709677419354,2.3370513872261696,999.8860215053763,2.242988660240433,79.22290322580646,8.201434734060541
Khammam,12,20,21.328602150537634,2.3205783534160505,1000.321505376344,2.2263173658662847,80.97505376344087,7.9861757762828365
Khammam,12,21,20.753440860215054,2.325025710294336,1000.3989247311829,2.229032477948975,82.94559139784946,7.8207602018970865
Khammam,12,22,20.1547311827957,2.3882036142336758,1000.1258064516129,2.252192324487342,85.35483870967742,7.655963236035604
Khammam,12,23,19.54268817204301,2.5071537386242797,999.7408602150537,2.3000111795162406,88.05440860215054,7.364472805353738
Mahbubnagar,1,0,18.432580645161288,1.6986718250012967,964.3459677419354,1.6199668366347808,78.72991935483871,10.536906373713434
Mahbubnagar,1,1,17.785967741935483,1.676453340784947,963.8258064516128,1.620893609190846,83.79225806451613,11.34090766780196
Mahbubnagar,1,2,17.244435483870966,1.6828616271002306,963.5282258064516,1.6245354800165936,87.72274193548388,11.991661082189449
Mahbubnagar,1,3,16.845483870967744,1.7302729493962898,963.550806451613,1.6125773929995664,90.15862903225806,12.266709349608316
Mahbubnagar,1,4,16.54475806451613,1.8139219798881738,963.9387096774193,1.5981549156886186,91.50750000000001,12.278216987754124
Mahbubnagar,1,5,16.294274193548386,1.8931846844430993,964.6645161290322,1.5648160778383207,92.34427419354839,12.27156241822406
Mahbubnagar,1,6,16.684758064516128,1.8625262430451806,965.5564516129032,1.5616981551250686,90.60129032258064,12.33147516002626
Mahbubnagar,1,7,19.148709677419355,1.5369873222797514,966.4685483870968,1.5618608317651845,77.33983870967741,11.593171313837525
Mahbubnagar,1,8,22.67314516129032,1.4208461734739561,967.1016129032258,1.5602263683461148,58.935080645161285,9.459974517916121
Mahbubnagar,1,9,26.121532258064516,1.461570624365401,967.0733870967742,1.5529206090600909,43.54032258064516,9.308477815662945
Mahbubnagar,1,10,28.405725806451613,1.5360445313386721,966.3483870967742,1.5480112534499695,35.49362903225806,8.28748830061369
Mahbubnagar,1,11,29.980887096774193,1.6425763088023206,965.1435483870968,1.5671548418878973,30.947661290322582,7.6285782870133145
Mahbubnagar,1,12,30.946693548387096,1.7610324585191586,963.7693548387097,1.607815132122469,28.366854838709674,7.372649783102773
Mahbubnagar,1,13,31.342499999999998,1.8682662825301504,962.5911290322581,1.6537226838024353,27.15032258064516,7.368699451220196
Mahbubnagar,1,14,31.15975806451613,1.9600744401450771,961.9516129032259,1.6964565591455911,27.046612903225807,7.578892585631994
Mahbubnagar,1,15,30.349112903225805,2.0285959789188706,961.875,1.7316576484346706,28.195967741935487,8.105666483217922
Mahbubnagar,1,16,28.587016129032257,2.168223948112514,962.2637096774193,1.7546377421235924,33.013548387096776,9.388454351567184
Mahbubnagar,1,17,25.042258064516126,2.2518068043419683,962.9798387096774,1.7562422855756568,42.618790322580644,11.032398009583263
Mahbubnagar,1,18,23.779838709677417,2.2275587219987685,963.9088709677419,1.7365048578759568,46.26830645161291,10.972922676658463
Mahbubnagar,1,19,22.898145161290323,2.169643621005885,964.7911290322581,1.6995461898718696,50.097822580645165,10.793681195814722
Mahbubnagar,1,20,21.953387096774193,2.077886624565355,965.2983870967741,1.6718124078336432,54.862661290322585,10.503739180044025
Mahbubnagar,1,21,20.99290322580645,1.962765087142776,965.3951612903226,1.6639581978953386,60.314919354838715,10.1436730647964
Mahbubnagar,1,22,20.06217741935484,1.846580474266219,965.1540322580646,1.6409594255646396,66.27725806451612,9.997451654053526
Mahbubnagar,1,23,19.21661290322581,1.7626789880155447,964.7733870967742,1.6304575082890527,72.33935483870968,10.221377545613723
Mahbubnagar,2,0,21.08,1.6407788873406617,963.4123893805311,1.9078846150048039,58.68929203539823,15.126146634034425
Mahbubnagar,2,1,20.26991150442478,1.6004834624347668,962.8955752212389,1.9140639907821848,64.30672566371682,16.38826705965919
Mahbubnagar,2,2,19.583274336283186,1.593580000724938,962.6176991150443,1.9104146001259135,69.1916814159292,17.58007937688559
Mahbubnagar,2,3,19.01345132743363,1.6003207099959587,962.6902654867257,1.8869838273291775,73.1712389380531,18.575620405556506
Mahbubnagar,2,4,18.547610619469026,1.6100245530161306,963.1584070796459,1.8569716929778368,76.19088495575221,19.31903689912778
Mahbubnagar,2,5,18.169557522123892,1.63356172506829,963.9964601769911,1.821397089537344,78.34061946902655,19.80466351479521
Mahbubnagar,2,6,18.954070796460176,1.5283129337653785,964.9575221238938,1.7876963083879358,75.1370796460177,19.45214524900127
Mahbubnagar,2,7,21.850884955752214,1.3957387684881921,965.8185840707964,1.7752539392077193,61.96371681415929,16.574058591811607
Mahbubnagar,2,8,26.297964601769912,1.535595021535415,966.3902654867258,1.7778380029130323,42.837168141592926,12.748259647961094
Mahbubnagar,2,9,29.995929203539824,1.7129666398470313,966.4230088495575,1.7844571428207365,30.46141592920354,10.379338496267533
Mahbubnagar,2,10,32.22592920353983,1.7164746040567216,965.637168141593,1.7730721265979927,25.036991150442475,8.714764451057812
Mahbubnagar,2,11,33.75,1.719433565368047,964.3672566371681,1.7756509107263896,21.906548672566373,7.643224213304352
Mahbubnagar,2,12,34.71991150442478,1.7287699464685626,962.9946902654867,1.772550659560406,19.97725663716814,6.9733283004125814
Mahbubnagar,2,13,35.13203539823009,1.7420693561373835,961.7716814159292,1.776758134644824,18.952389380530974,6.5989107968036596
Mahbubnagar,2,14,34.94778761061947,1.7757185338985597,960.9840707964602,1.7622817175713106,18.717433628318584,6.489004268040264
Mahbubnagar,2,15,34.18946902654867,1.8019205234118374,960.8283185840709,1.770515916868207,19.240619469026548,6.645525251086769
Mahbubnagar,2,16,32.73026548672566,1.844157502268499,961.170796460177,1.7899861040925666,21.03575221238938,7.268410836001927
Mahbubnagar,2,17,28.981327433628316,1.925191319075651,961.8469026548672,1.7986140892990172,27.404513274336285,9.166752617782691
Mahbubnagar,2,18,27.18070796460177,1.964201817539452,962.7486725663717,1.8149239970434659,30.76345132743363,9.708520537017936
Mahbubnagar,2,19,26.268849557522124,1.9538545933123683,963.6814159292036,1.8291073482793858,33.40300884955752,10.1199424656887
Mahbubnagar,2,20,25.27274336283186,1.9295180041119513,964.2796460176992,1.8563192888480184,36.8929203539823,10.697700410553523
Mahbubnagar,2,21,24.206548672566374,1.8912338989549273,964.4442477876106,1.8890633569641604,41.310973451327435,11.540624748238109
Mahbubnagar,2,22,23.151769911504427,1.8429717994938108,964.2761061946902,1.9143851277089763,46.513982300884955,12.554207642674955
Mahbubnagar,2,23,22.14079646017699,1.7591120637538993,963.9283185840708,1.9423140206312377,52.273539823008846,13.656529372451548
Mahbubnagar,3,0,24.703548387096774,2.114222528514603,961.3491935483871,2.119652370936478,50.65911290322581,12.988082718499928
Mahbubnagar,3,1,23.869919354838707,2.093997808669285,960.8629032258065,2.1166190152219553,55.59548387096774,13.833446822230444
Mahbubnagar,3,2,23.175806451612903,2.087782538894829,960.6266129032258,2.107019197282809,59.955,14.802279680503181
Mahbubnagar,3,3,22.59774193548387,2.0837200312502686,960.741935483871,2.078230046430231,63.601370967741936,15.736983798707309
Mahbubnagar,3,4,22.110887096774192,2.0759466494142527,961.2306451612903,2.056011507803397,66.6066129032258,16.60510901333902
Mahbubnagar,3,5,21.69233870967742,2.0670217799565114,962.0040322580645,2.0407793503155656,69.0783064516129,17.318378682717583
Mahbubnagar,3,6,22.85258064516129,1.933833915135853,962.8935483870968,2.0557174656193795,64.80008064516129,16.760488452434053
Mahbubnagar,3,7,25.695887096774193,1.8758443137926601,963.691935483871,2.0604521081821923,52.351290322580645,14.298465945787067
Mahbubnagar,3,8,29.855483870967742,1.8273128144050648,964.1766129032258,2.071255417231123,35.94096774193549,11.265877642503556
Mahbubnagar,3,9,33.08870967741935,1.8995677590244315,964.0887096774194,2.084172241271636,26.613306451612903,8.981566553724495
Mahbubnagar,3,10,35.13354838709678,1.9182182593027803,963.3645161290323,2.0485645796840686,22.526129032258062,7.592642213886635
Mahbubnagar,3,11,36.53185483870968,1.92315643616007,962.1733870967741,1.993041099563052,20.19483870967742,6.749837274024198
Mahbubnagar,3,12,37.39354838709678,1.9276647456503897,960.816935483871,1.937676161378122,18.813306451612902,6.247247682991365
Mahbubnagar,3,13,37.7141935483871,1.9441482331546556,959.6233870967742,1.9120545656297918,18.140403225806452,5.9754266982644
Mahbubnagar,3,14,37.49637096774194,1.9713506305116217,958.8096774193548,1.894168172530424,18.053870967741933,5.915019288765454
Mahbubnagar,3,15,36.77903225806452,1.9841868434815495,958.5483870967741,1.9137705459631886,18.52516129032258,6.05699977837521
Mahbubnagar,3,16,35.5583064516129,1.9738463633979988,958.8120967741935,1.9600727023987417,19.706532258064517,6.44596956627608
Mahbubnagar,3,17,32.82048387096774,2.1757383028157067,959.4185483870967,2.011849730746017,24.33967741935484,8.298544581522625
Mahbubnagar,3,18,30.78241935483871,2.2638747886056163,960.2459677419355,2.054200502937419,27.822580645161292,9.228951342358581
Mahbubnagar,3,19,29.980806451612903,2.323147079390014,961.1266129032258,2.0757253163112575,29.36209677419355,9.377202876080714
Mahbubnagar,3,20,29.07040322580645,2.3499511841300844,961.8274193548388,2.0844503168760116,31.769032258064517,9.783388394966025
Mahbubnagar,3,21,28.008064516129032,2.2823848878512205,962.125,2.0681331670731566,35.31266129032259,10.351892494892251
Mahbubnagar,3,22,26.870322580645162,2.1923959257159127,962.0733870967742,2.062798985314886,39.96233870967742,11.23831216596281
Mahbubnagar,3,23,25.776370967741936,2.141609961481725,961.7467741935484,2.0667100238254132,45.22024193548388,12.165263787950606
Mahbubnagar,4,0,28.13308333333333,1.7772080813528193,958.8675000000001,1.7272975200263563,47.04716666666666,11.591245550732115
Mahbubnagar,4,1,27.318833333333334,1.748372680755542,958.42,1.7213733036213201,51.1845,12.423878597755394
Mahbubnagar,4,2,26.608416666666667,1.72806444199465,958.1983333333334,1.6994306181101602,54.940666666666665,13.006900736867006
Mahbubnagar,4,3,26.008,1.7195292496308792,958.3741666666666,1.6679628713061918,58.199333333333335,13.422148366737401
Mahbubnagar,4,4,25.516666666666666,1.7177106776138988,958.9433333333333,1.647036214330644,60.817249999999994,13.77602984376495
Mahbubnagar,4,5,25.170666666666666,1.7271634750271292,959.6975,1.6380179917133124,62.69141666666667,14.127392266865986
Mahbubnagar,4,6,26.587833333333332,1.6379743502231037,960.5216666666668,1.6525601901513192,57.45408333333333,13.420633023419564
Mahbubnagar,4,7,29.3795,1.6839618401233432,961.2958333333333,1.667101133847721,46.19283333333333,11.358662572423466
Mahbubnagar,4,8,32.8025,1.9033191927734634,961.6375,1.6788382587847532,34.346916666666665,9.989741695992999
Mahbubnagar,4,9,35.42325,2.0261650502672186,961.45,1.6548375735878196,27.650666666666666,8.648902950137455
Mahbubnagar,4,10,37.342666666666666,2.0600590402461063,960.8050000000001,1.6408058073638274,23.866333333333333,7.712094717388526
Mahbubnagar,4,11,38.69075,2.105019276743607,959.7841666666667,1.6081721882668167,21.583583333333333,7.138304155153701
Mahbubnagar,4,12,39.52325,2.1447689587819485,958.5275,1.5713272503623061,20.227,6.728617249036657
Mahbubnagar,4,13,39.881,2.154038770591205,957.3633333333333,1.5505452190085804,19.510833333333334,6.4055718370980825
Mahbubnagar,4,14,39.73833333333334,2.1239788780752518,956.5608333333333,1.543775565682652,19.345666666666666,6.1780811702970295
Mahbubnagar,4,15,39.13341666666667,2.078367368240502,956.2258333333334,1.564280694004709,19.684083333333334,6.131806935603746
Mahbubnagar,4,16,38.111250000000005,2.0305567239660394,956.3641666666666,1.6097808104531885,20.68975,6.4272150434138835
Mahbubnagar,4,17,36.19108333333334,2.046086979033469,956.9358333333333,1.6517266663682781,25.017166666666665,8.20616771358089
Mahbubnagar,4,18,33.98866666666667,2.0935085476815485,957.6858333333333,1.677748382760193,30.12408333333333,10.939832814527099
Mahbubnagar,4,19,33.14241666666667,2.1148764772453275,958.4775000000001,1.7005912219582302,31.301416666666668,10.892915614344606
Mahbubnagar,4,20,32.23625,2.096353401512637,959.135,1.7400207668035124,33.098333333333336,10.914564191235208
Mahbubnagar,4,21,31.223333333333336,2.0381274703595404,959.5708333333333,1.7617025680787695,35.64341666666667,11.014335540011261
Mahbubnagar,4,22,30.148833333333336,1.96310001086574,959.6033333333332,1.7707204692983325,39.010999999999996,11.167177024166655
Mahbubnagar,4,23,29.137833333333333,1.9069145227825182,959.2491666666666,1.7660665039455674,42.88308333333334,11.648181435284213
Mahbubnagar,5,0,28.00766129032258,2.303901289690103,956.5983870967742,2.1788705909691055,65.51362903225807,17.639173483885152
Mahbubnagar,5,1,27.39717741935484,2.111773639201371,956.1701612903227,2.197410887367362,68.51403225806452,17.126735668702825
Mahbubnagar,5,2,26.83524193548387,1.9395479582765567,956.0322580645161,2.216514086823893,71.2883064516129,16.546412856247393
Mahbubnagar,5,3,26.37717741935484,1.7976536471003326,956.2540322580645,2.234154655197558,73.52290322580646,15.988420900291167
Mahbubnagar,5,4,25.981774193548386,1.6717747973298165,956.7491935483871,2.2629391625254813,75.35943548387097,15.564667685708413
Mahbubnagar,5,5,25.810887096774195,1.5798626121685657,957.441935483871,2.31028442180286,76.18967741935484,15.2896944906912
Mahbubnagar,5,6,27.053870967741933,1.7113127703168298,958.2483870967742,2.328630005517508,69.72991935483871,15.195306426387637
Mahbubnagar,5,7,29.329596774193547,2.0301217069501423,958.8580645161289,2.3538619632733453,58.68322580645162,14.96774138581033
Mahbubnagar,5,8,31.807096774193546,2.470091263971279,959.1491935483871,2.332781443480663,48.761935483870964,14.534752224916199
Mahbubnagar,5,9,33.93862903225807,2.8659223843810926,958.9733870967742,2.324458460263546,41.87612903225807,13.924683862341082
Mahbubnagar,5,10,35.66524193548387,3.1459506722210775,958.3556451612903,2.3182661876859743,37.04701612903226,13.250086545496691
Mahbubnagar,5,11,36.96677419354839,3.352211392035053,957.4483870967742,2.314973664742224,33.7266935483871,12.690181065790973
Mahbubnagar,5,12,37.80153225806452,3.5007943452495836,956.4048387096774,2.3079169095916434,31.62298387096774,12.36654653239736
Mahbubnagar,5,13,38.16935483870968,3.5855819547692156,955.4201612903227,2.3005824585462626,30.504516129032258,12.334202585595145
Mahbubnagar,5,14,38.0725,3.62128702472576,954.7137096774194,2.295606786157785,30.248629032258062,12.633635665859881
Mahbubnagar,5,15,37.53612903225806,3.5824347240837504,954.3766129032258,2.2796415661406217,30.844032258064516,13.245771708796454
Mahbubnagar,5,16,36.55572580645161,3.4818306962541117,954.4846774193549,2.2427133810921522,32.91040322580645,14.249539053973681
Mahbubnagar,5,17,34.858548387096775,3.342233003984644,955.0209677419356,2.2036656155805385,39.74161290322581,16.405577892755847
Mahbubnagar,5,18,32.72741935483871,3.148876137354855,955.741935483871,2.1742804350952087,49.49370967741935,19.128759154132716
Mahbubnagar,5,19,31.821532258064515,3.0729448930991485,956.4685483870968,2.164096046118687,51.6683870967742,19.361010580822647
Mahbubnagar,5,20,31.0166935483871,2.9708635852070455,957.0540322580645,2.164961149637243,53.66879032258065,19.052622745546955
Mahbubnagar,5,21,30.202903225806452,2.8311541426027116,957.4467741935483,2.157853325179277,56.24741935483871,18.592807590547874
Mahbubnagar,5,22,29.392258064516128,2.661164192546286,957.4758064516129,2.1629688633214927,59.42306451612903,18.09362292445571
Mahbubnagar,5,23,28.631129032258066,2.468754074913561,957.1161290322581,2.169050112311623,62.824516129032254,17.516533391067657
Mahbubnagar,6,0,25.981916666666667,2.134271487630653,956.1716666666667,1.5529415478311999,77.4835,13.588983405685651
Mahbubnagar,6,1,25.52875,2.0499061517768165,955.7008333333334,1.5869475924126868,79.45425,13.411705765249012
Mahbubnagar,6,2,25.1325,1.9852080093370894,955.4816666666667,1.600891733296361,81.31566666666666,13.263984516958176
Mahbubnagar,6,3,24.80091666666667,1.924448625972024,955.5525,1.623564006755986,83.03500000000001,13.052516676742396
Mahbubnagar,6,4,24.52425,1.8387507919209507,955.8925,1.6550489342584116,84.50266666666667,12.615163860041063
Mahbubnagar,6,5,24.43616666666667,1.7470509044515852,956.4908333333333,1.6790851767591861,85.01083333333332,11.99942117534915
Mahbubnagar,6,6,25.38925,1.7770295120100352,957.2191666666666,1.696030750936774,80.10358333333333,11.36986314307066
Mahbubnagar,6,7,27.134999999999998,2.025473904501148,957.7583333333333,1.696738509207399,70.84766666666665,11.230642859944354
Mahbubnagar,6,8,29.072583333333334,2.322137343426678,958.0216666666668,1.6817449587980513,61.65358333333334,11.118852775885685
Mahbubnagar,6,9,30.8325,2.605619734665952,957.9033333333333,1.6722115047225599,54.59433333333333,11.070444620232553
Mahbubnagar,6,10,32.248333333333335,2.8513783585166985,957.3991666666666,1.6682147572151798,49.720666666666666,11.078009159897759
Mahbubnagar,6,11,33.27616666666667,3.0056074158770896,956.63,1.6718932055476476,46.435583333333334,11.035511570527635
Mahbubnagar,6,12,33.89666666666667,3.1053186505685084,955.77,1.6754580459879092,44.405166666666666,11.086122522191015
Mahbubnagar,6,13,34.09675,3.1642100883464246,954.9983333333333,1.686624760055548,43.559666666666665,11.29916118946155
Mahbubnagar,6,14,33.8985,3.1814218189224714,954.4733333333334,1.6621709674187983,43.83883333333333,11.700378589244565
Mahbubnagar,6,15,33.37833333333334,3.16341091662954,954.245,1.627745257049987,45.14458333333334,12.241921973548212
Mahbubnagar,6,16,32.54416666666667,3.1372242142231594,954.4183333333333,1.5846418004881573,47.9885,13.042930707037103
Mahbubnagar,6,17,31.15758333333333,3.026117960186551,954.9275,1.5501673804989748,55.08383333333334,13.94629616703702
Mahbubnagar,6,18,29.427083333333332,2.710517763752719,955.5758333333334,1.5333818193527626,64.40941666666667,14.17358415829098
Mahbubnagar,6,19,28.69333333333333,2.6507054185039602,956.2341666666667,1.500111807224268,67.10108333333334,14.474492359617567
Mahbubnagar,6,20,28.078916666666665,2.564042827889056,956.7800000000001,1.4808355579131192,69.42741666666666,14.642355592728965
Mahbubnagar,6,21,27.487000000000002,2.448339722129669,957.1533333333333,1.467572931108745,71.759,14.481358019330708
Mahbubnagar,6,22,26.9205,2.3159058521378593,957.1441666666667,1.4717962405405842,73.94341666666668,14.122452740992575
Mahbubnagar,6,23,26.383666666666667,2.1869156106158236,956.7291666666666,1.4922430149564625,76.01016666666666,13.727756216086137
Mahbubnagar,7,0,24.221048387096772,1.077575431534974,955.4758064516129,1.672852146394898,87.0415322580645,7.177634758228381
Mahbubnagar,7,1,23.885241935483872,0.9807716090514774,954.9370967741935,1.698898148032386,88.73629032258064,6.213824669293352
Mahbubnagar,7,2,23.605483870967742,0.8958652581238702,954.6516129032258,1.710155409234635,90.20322580645161,5.251336577580596
Mahbubnagar,7,3,23.378951612903226,0.8317254262264214,954.667741935484,1.7277998786509043,91.37233870967742,4.469264887239351
Mahbubnagar,7,4,23.206532258064517,0.7993819201329928,954.9749999999999,1.7656443583009602,92.20911290322582,3.9032181869313374
Mahbubnagar,7,5,23.17225806451613,0.7875079957882142,955.5370967741936,1.7809957816621749,92.30016129032258,3.522818989433118
Mahbubnagar,7,6,23.95709677419355,0.8423011204732463,956.2524193548387,1.7622723555773168,88.11475806451612,4.267859741165311
Mahbubnagar,7,7,25.421693548387097,1.0497260360933935,956.8129032258065,1.741645224527571,79.73467741935484,6.15187332635767
Mahbubnagar,7,8,27.12241935483871,1.3383246236700315,957.0919354838709,1.7149555814103121,70.71524193548387,7.716701922380929
Mahbubnagar,7,9,28.67774193548387,1.6214937601366473,956.9790322580644,1.6871236017943072,63.62483870967741,8.703973812941744
Mahbubnagar,7,10,29.978870967741937,1.900598626140423,956.4959677419355,1.6349535282696468,58.47508064516129,9.382744367367263
Mahbubnagar,7,11,30.938145161290322,2.153755791931205,955.7282258064516,1.5856347237154749,55.0258064516129,9.930634797153177
Mahbubnagar,7,12,31.520887096774196,2.341565737059362,954.8620967741934,1.5561884195246618,53.00959677419355,10.386898204354933
Mahbubnagar,7,13,31.692419354838712,2.4390319854327074,954.1443548387097,1.5428988880535344,52.36419354838709,10.778421841490934
Mahbubnagar,7,14,31.44677419354839,2.446293545590663,953.683870967742,1.5238690113337001,53.13387096774194,11.232696011667565
Mahbubnagar,7,15,30.845483870967744,2.4090157065769606,953.5548387096775,1.5261596864051283,55.2933064516129,11.848966798069217
Mahbubnagar,7,16,29.932822580645162,2.3447244227569617,953.8120967741935,1.536154672404582,59.19072580645161,12.670362522863819
Mahbubnagar,7,17,28.574274193548387,2.125100924772005,954.4137096774194,1.5521469357472186,66.13798387096774,12.811929779805402
Mahbubnagar,7,18,27.124032258064517,1.7421143678001376,955.1040322580644,1.5694439589913127,73.66677419354839,11.693924386550183
Mahbubnagar,7,19,26.4541935483871,1.614935925520043,955.7822580645161,1.6144191931575207,76.75717741935483,11.080928724577225
Mahbubnagar,7,20,25.93048387096774,1.5100771825634327,956.3120967741935,1.6436916976923575,79.09612903225806,10.451647608837225
Mahbubnagar,7,21,25.45233870967742,1.3820487377843556,956.6766129032258,1.6457439008391226,81.28870967741935,9.673074688602776
Mahbubnagar,7,22,25.012983870967744,1.271194930993381,956.5806451612904,1.6222376105046377,83.3666129032258,8.876012424753869
Mahbubnagar,7,23,24.58975806451613,1.1596757773063213,956.0774193548388,1.6391966458756506,85.37806451612903,7.951531700625218
Mahbubnagar,8,0,23.77774193548387,0.796625850615827,957.1104838709678,1.5688957614535588,91.92846774193548,3.9027524255179165
Mahbubnagar,8,1,23.467177419354837,0.7717097062402927,956.5830645161291,1.58605312525433,93.01443548387097,3.559433887211539
Mahbubnagar,8,2,23.198145161290324,0.7544829349177417,956.2919354838709,1.5720421586743392,93.9541935483871,3.0661922830615316
Mahbubnagar,8,3,22.97451612903226,0.7364796012041177,956.325,1.560676578319121,94.7290322580645,2.4982912597339797
Mahbubnagar,8,4,22.79201612903226,0.722424756077077,956.6701612903227,1.5437774302863174,95.28048387096774,1.9582889722726615
Mahbubnagar,8,5,22.688870967741938,0.7232056119797815,957.2016129032259,1.537815146945036,95.49370967741935,1.637327520981224
Mahbubnagar,8,6,23.285725806451612,0.8757548877360867,957.8895161290322,1.5650044052192351,92.48145161290323,2.8770537927009574
Mahbubnagar,8,7,24.50564516129032,1.1550555133496756,958.5306451612903,1.6293635556998662,85.96612903225805,5.522956040959384
Mahbubnagar,8,8,26.010080645161292,1.4859934105532604,958.8620967741934,1.6311297268091929,78.3916129032258,7.610067400008853
Mahbubnagar,8,9,27.436612903225804,1.6659989981827716,958.8056451612903,1.5937021592043887,71.97298387096774,8.425564947388663
Mahbubnagar,8,10,28.6225,1.764062949395764,958.3887096774193,1.5503584519916227,67.16080645161291,8.682119987331989
Mahbubnagar,8,11,29.482580645161292,1.88006481075267,957.6556451612903,1.520178766731704,63.92637096774193,8.979399126571456
Mahbubnagar,8,12,29.996935483870967,1.98474719465683,956.7677419354839,1.5110190599486066,62.04693548387097,9.377817640747814
Mahbubnagar,8,13,30.198548387096775,2.029851487838533,955.9467741935483,1.5096133938871366,61.28,9.675947045096528
Mahbubnagar,8,14,30.11008064516129,2.030408063422865,955.4016129032258,1.5516570670789422,61.60330645161291,10.007646322360417
Mahbubnagar,8,15,29.738790322580645,1.9754619065666197,955.1806451612903,1.605310162739333,63.23951612903225,10.46829055199742
Mahbubnagar,8,16,28.97782258064516,1.8397541195222211,955.3274193548388,1.649308241769942,67.64137096774193,10.65093150891534
Mahbubnagar,8,17,27.631774193548388,1.5437748310827946,955.808870967742,1.6749232282745643,76.655,8.493860097128605
Mahbubnagar,8,18,26.260725806451614,1.250608419986694,956.4685483870968,1.654723071934962,83.68032258064517,6.382351547604486
Mahbubnagar,8,19,25.71693548387097,1.2030659866198323,957.1975806451613,1.5730175914581273,85.3791129032258,6.106873644568592
Mahbubnagar,8,20,25.293387096774193,1.1630810547828314,957.8491935483871,1.4861690789879498,86.7158870967742,5.9549416538678495
Mahbubnagar,8,21,24.88274193548387,1.0656402622994365,958.2604838709677,1.457407127855192,88.11999999999999,5.466779792603035
Mahbubnagar,8,22,24.485887096774192,0.9546037462489243,958.1782258064517,1.4549361164903953,89.51879032258064,4.915204317638605
Mahbubnagar,8,23,24.110967741935486,0.864728369733816,957.7362903225807,1.4783167024528396,90.76798387096774,4.468674341873802
Mahbubnagar,9,0,23.38484536082474,0.8092809480773404,957.2123711340207,1.3829510816215174,93.31484536082475,3.7076936096340196
Mahbubnagar,9,1,23.080309278350516,0.8034307344240585,956.680412371134,1.4221930816566397,94.23164948453608,3.001747990897823
Mahbubnagar,9,2,22.827216494845363,0.810643702904313,956.3639175257732,1.4654482794673431,94.86639175257731,2.5164377043613158
Mahbubnagar,9,3,22.615670103092782,0.8244580381687291,956.4030927835053,1.4782769818446027,95.39896907216496,2.0871663827903575
Mahbubnagar,9,4,22.439072164948456,0.8381167908797926,956.7773195876288,1.4722789275642763,95.8601030927835,1.823695592543107
Mahbubnagar,9,5,22.31237113402062,0.8488261173476029,957.3762886597938,1.4581504549054467,96.12195876288659,1.7057657366361303
Mahbubnagar,9,6,22.8440206185567,0.7982854802035311,958.0917525773195,1.466974643547383,93.99237113402062,2.1907550891929395
Mahbubnagar,9,7,23.963608247422677,0.9889927383949495,958.8072164948454,1.5117765089650035,88.98443298969072,4.792705605281879
Mahbubnagar,9,8,25.418350515463917,1.3812499475206388,959.1824742268041,1.5529548655492351,81.98123711340206,7.472195580078295
Mahbubnagar,9,9,26.770103092783504,1.7647647947893328,959.0742268041237,1.5203671671750958,75.86226804123712,9.293954296695892
Mahbubnagar,9,10,27.8219587628866,2.06546889308016,958.6340206185567,1.4746388398193722,71.62639175257732,10.401138077309847
Mahbubnagar,9,11,28.54783505154639,2.273030386769008,957.8494845360824,1.418561750458027,68.93793814432989,11.086959582671925
Mahbubnagar,9,12,28.95762886597938,2.3966051393915673,956.9082474226805,1.4251220783302656,67.4019587628866,11.554856900813688
Mahbubnagar,9,13,29.082577319587628,2.4338276945099446,956.1020618556701,1.466144275915813,66.8820618556701,11.835163702760257
Mahbubnagar,9,14,28.915773195876287,2.3921855571194164,955.6051546391752,1.5092334653461905,67.5060824742268,11.98965218399296
Mahbubnagar,9,15,28.50278350515464,2.290761673852555,955.5309278350516,1.5050166682868882,69.54876288659793,12.074499235452441
Mahbubnagar,9,16,27.71938144329897,2.0714889041625906,955.8247422680413,1.464370664585627,74.64092783505154,11.111393090959446
Mahbubnagar,9,17,26.36226804123711,1.650209270286296,956.3463917525773,1.4109735007898434,83.6701030927835,7.909308794974493
Mahbubnagar,9,18,25.3840206185567,1.407234033332926,956.9865979381443,1.3644007281876602,87.46567010309279,6.703528596197263
Mahbubnagar,9,19,25.04381443298969,1.331099516767818,957.6340206185567,1.3337671115692031,88.18917525773196,6.873718315393882
Mahbubnagar,9,20,24.715051546391752,1.213957134498014,958.2020618556702,1.3379072107090895,89.180206185567,6.403371179077841
Mahbubnagar,9,21,24.380000000000003,1.077880829838502,958.4226804123712,1.352428768506146,90.20865979381443,5.7973436138290255
Mahbubnagar,9,22,24.048762886597938,0.9544351053240426,958.2783505154639,1.3747141221089403,91.1539175257732,5.223316027818013
Mahbubnagar,9,23,23.712061855670104,0.8605980698332318,957.8505154639175,1.3769019959783824,92.2041237113402,4.548460992599894
Mahbubnagar,10,0,22.492043010752692,1.3150174070097567,960.6763440860215,1.9294850546117694,91.0031182795699,7.705877059595278
Mahbubnagar,10,1,22.175806451612903,1.3731567270033105,960.1172043010752,1.9727283940022353,92.0141935483871,7.177594716801273
Mahbubnagar,10,2,21.88752688172043,1.4295192684757452,959.8279569892474,1.981016734527445,92.91064516129033,6.7821961311843095
Mahbubnagar,10,3,21.62236559139785,1.478302785548245,959.9096774193549,1.9664614277896029,93.72989247311827,6.463426116404931
Mahbubnagar,10,4,21.39322580645161,1.5282358124508213,960.358064516129,1.9481497677364563,94.36462365591397,6.233540859760511
Mahbubnagar,10,5,21.193655913978496,1.5788436776890784,961.089247311828,1.9625550319390699,94.85623655913977,6.081060568608371
Mahbubnagar,10,6,21.92268817204301,1.4570690799959765,961.8913978494624,1.986730759749423,92.01053763440859,6.998506574478939
Mahbubnagar,10,7,23.668494623655914,1.2219807034665862,962.578494623656,1.9768689265320547,84.51483870967742,10.143201794144986
Mahbubnagar,10,8,25.969354838709677,1.5203430723042466,962.9612903225806,1.959149785541628,74.37956989247311,14.166231734379018
Mahbubnagar,10,9,27.790430107526884,1.7971958314204366,962.9,1.93345826682783,66.49172043010752,15.376613568469313
Mahbubnagar,10,10,29.04956989247312,2.060560768956339,962.2139784946236,1.8687703116737866,61.75634408602151,15.921050925613246
Mahbubnagar,10,11,29.89924731182796,2.309872590387667,961.141935483871,1.7883878202986565,58.84043010752688,16.475578429773122
Mahbubnagar,10,12,30.40225806451613,2.4879532049598856,960.063440860215,1.733793587975093,57.13204301075269,16.901975672988762
Mahbubnagar,10,13,30.526881720430108,2.5518514073948477,959.2096774193549,1.6814243778085212,56.56655913978494,17.183112506850875
Mahbubnagar,10,14,30.24741935483871,2.504828338831351,958.7075268817205,1.64212458876616,57.31935483870968,17.48335505350928
Mahbubnagar,10,15,29.585053763440857,2.318099682581055,958.7086021505376,1.6137760144387496,59.781397849462365,17.96595425117221
Mahbubnagar,10,16,28.415161290322583,2.0453598667648323,959.1139784946237,1.609252553871244,65.4767741935484,18.458135013503348
Mahbubnagar,10,17,26.315806451612904,1.56480817172769,959.747311827957,1.6455203615883385,76.14258064516129,16.786652041015888
Mahbubnagar,10,18,25.18032258064516,1.4027220831785403,960.5064516129033,1.6917836260311547,80.17182795698925,15.225728650104116
Mahbubnagar,10,19,24.62333333333333,1.3044216887299056,961.310752688172,1.748506341796445,82.26935483870967,13.833118640363525
Mahbubnagar,10,20,24.106129032258064,1.2316470346460138,961.8849462365591,1.7959462951058067,84.45645161290322,12.281225831498393
Mahbubnagar,10,21,23.62268817204301,1.2036449532339373,962.0139784946236,1.8165059268114323,86.48032258064516,10.846629054749343
Mahbubnagar,10,22,23.191935483870967,1.2157510275586099,961.8,1.8384776310850084,88.21989247311829,9.58194242523331
Mahbubnagar,10,23,22.809784946236558,1.256301489098081,961.3967741935484,1.8625865379897273,89.68741935483871,8.586191125900397
Mahbubnagar,11,0,19.736666666666665,2.8846704483364487,963.3,1.3048741813728482,89.77255555555556,7.095003077987644
Mahbubnagar,11,1,19.357666666666667,2.928269439466315,962.8088888888889,1.2983692835647176,90.93122222222223,6.718874609447495
Mahbubnagar,11,2,19.020555555555553,2.9825840395634593,962.5266666666666,1.307867292171708,91.7938888888889,6.511873631280234
Mahbubnagar,11,3,18.709555555555553,3.0425247909623443,962.5377777777777,1.3097368959372364,92.45255555555555,6.32241305823191
Mahbubnagar,11,4,18.435000000000002,3.101458247087481,962.9055555555556,1.3133165078106253,92.97233333333334,6.205994211832893
Mahbubnagar,11,5,18.20311111111111,3.1517502340885755,963.6033333333334,1.298785084850165,93.38711111111111,6.009902735185652
Mahbubnagar,11,6,18.62088888888889,3.0839529006023416,964.4111111111112,1.2960999791894825,91.51655555555556,6.097124973814876
Mahbubnagar,11,7,20.61588888888889,2.7115458066705993,965.1288888888889,1.299459217204838,82.165,7.1496823611380504
Mahbubnagar,11,8,23.16466666666667,2.4826518080471933,965.5888888888888,1.3120397058636404,72.11,7.912457820680312
Mahbubnagar,11,9,25.725333333333335,2.1288585325674863,965.5777777777778,1.3156600238576215,61.68166666666667,9.442966617505634
Mahbubnagar,11,10,27.36911111111111,2.220577738592723,964.8888888888889,1.3394149690912316,55.96222222222222,9.906453098045246
Mahbubnagar,11,11,28.497222222222224,2.339599518105305,963.7777777777778,1.3681594113192797,52.51888888888889,10.075165311543596
Mahbubnagar,11,12,29.176555555555556,2.4190276443376804,962.6400000000001,1.388378732773614,50.47655555555556,10.247642223875902
Mahbubnagar,11,13,29.392222222222223,2.445450615757224,961.6977777777778,1.3949328667973124,49.728,10.45757165616474
Mahbubnagar,11,14,29.118444444444442,2.4244035110763544,961.1700000000001,1.3933590485594247,50.39044444444445,10.802036731702902
Mahbubnagar,11,15,28.35588888888889,2.3657095733137647,961.1288888888889,1.3911634807643136,52.861222222222224,11.318984631853242
Mahbubnagar,11,16,26.72744444444444,2.429641191020521,961.5377777777777,1.3712602075478133,61.962333333333326,11.818133472086222
Mahbubnagar,11,17,24.01222222222222,2.7174073804659358,962.1988888888889,1.351860511091351,74.52511111111112,11.390334779628297
Mahbubnagar,11,18,22.956666666666667,2.7971779518618454,963.0177777777778,1.3523660313120391,77.36466666666666,11.041382546553033
Mahbubnagar,11,19,22.29711111111111,2.799416971580692,963.8244444444445,1.3559946895185346,79.57600000000001,10.503954825031
Mahbubnagar,11,20,21.682333333333336,2.7950498176501393,964.3233333333334,1.349077920638781,81.96977777777778,9.72746557264102
Mahbubnagar,11,21,21.114444444444445,2.806746731712718,964.4166666666666,1.3480947854515863,84.28677777777779,8.915556008394908
Mahbubnagar,11,22,20.587333333333333,2.8240789688802823,964.1622222222223,1.351202359097624,86.47522222222223,8.155108997374041
Mahbubnagar,11,23,20.11511111111111,2.850026707718124,963.7511111111112,1.373279879691305,88.34433333333332,7.501870336077919
Mahbubnagar,12,0,18.110967741935482,3.0219555518974395,963.7086021505376,2.108247567859734,85.96172043010752,8.86229392029438
Mahbubnagar,12,1,17.66763440860215,3.0610687952474973,963.2086021505376,2.1041705953517904,87.61827956989248,8.978192979762722
Mahbubnagar,12,2,17.260430107526883,3.1186312193912813,962.8752688172042,2.1061842643065787,88.91473118279569,9.326636771074584
Mahbubnagar,12,3,16.90204301075269,3.183325974354425,962.8827956989248,2.108658323484117,89.81516129032258,9.727490249277537
Mahbubnagar,12,4,16.58483870967742,3.222634492387984,963.2569892473118,2.127889230192675,90.40139784946237,10.14978888101254
Mahbubnagar,12,5,16.320967741935483,3.2610971295069624,963.9440860215054,2.1396597842927907,90.69075268817204,10.4727612774821
Mahbubnagar,12,6,16.552258064516128,3.2018592183945223,964.7774193548387,2.163437734971697,89.3384946236559,10.918455849798196
Mahbubnagar,12,7,18.826559139784944,2.537604782425851,965.5967741935484,2.2029847151033137,78.22849462365592,10.9773699972733
Mahbubnagar,12,8,21.82752688172043,2.388716981394886,966.1817204301075,2.219623265946332,65.63956989247312,9.705965435256195
Mahbubnagar,12,9,24.86,1.9439996868849285,966.1354838709678,2.1762874830720436,54.09935483870967,9.858559931707505
Mahbubnagar,12,10,26.8305376344086,1.938679719714806,965.4795698924731,2.1373266082627085,47.34612903225806,10.288964120786016
Mahbubnagar,12,11,28.17494623655914,2.0563600300446025,964.347311827957,2.1262127689069708,43.32666666666667,10.559096051286296
Mahbubnagar,12,12,29.015483870967742,2.165810680698644,963.079569892473,2.094068182301518,40.92989247311828,10.895991733563193
Mahbubnagar,12,13,29.3347311827957,2.2409734838263313,962.0268817204301,2.0724979564129806,39.928064516129034,11.267574606699155
Mahbubnagar,12,14,29.062150537634412,2.2760777903065823,961.4860215053764,2.0438450229392178,40.406451612903226,11.771294454802115
Mahbubnagar,12,15,28.195913978494623,2.3014623123415556,961.4709677419355,2.0374526212235873,42.748387096774195,12.370425047205424
Mahbubnagar,12,16,26.238602150537634,2.548540755275394,961.8924731182796,2.0443047377244072,51.99698924731183,13.869095671668106
Mahbubnagar,12,17,23.10096774193548,2.820968483292695,962.6010752688171,2.0525961622156803,64.05,14.080958619787712
Mahbubnagar,12,18,22.016881720430106,2.8635645840738815,963.5021505376344,2.0538923014091113,67.78397849462365,13.45990496282303
Mahbubnagar,12,19,21.21279569892473,2.8558256118325387,964.3043010752689,2.039549927893038,71.27763440860215,12.462676573939858
Mahbubnagar,12,20,20.43784946236559,2.8510493298853903,964.7806451612904,2.0207756832096235,74.87236559139785,11.36736398240015
Mahbubnagar,12,21,19.72225806451613,2.8681326787848547,964.8956989247312,2.011862320171243,78.2205376344086,10.428863205128625
Mahbubnagar,12,22,19.086774193548386,2.8965249649140397,964.6505376344086,2.015193574471192,81.19021505376344,9.659414080990203
Mahbubnagar,12,23,18.51967741935484,2.9273301575552417,964.2344086021506,2.0358469353742867,83.74451612903225,9.047360114147283
Medak,1,0,17.340725806451612,1.9685136043181237,956.5104838709677,1.7283771489010893,68.73645161290322,11.902411192049765
Medak,1,1,16.781290322580645,1.9350578099983637,956.0354838709677,1.7346396054262478,71.55709677419355,12.183739515268881
Medak,1,2,16.263306451612905,1.9137388263730737,955.7282258064516,1.7413461050405508,74.6741129032258,12.851077966369912
Medak,1,3,15.818225806451613,1.913247801997675,955.7040322580646,1.744417306377233,77.78225806451613,13.79602357218942
Medak,1,4,15.439354838709678,1.9314356015207768,956.0524193548387,1.7449329061892205,80.60209677419354,14.482137709639591
Medak,1,5,15.120725806451613,1.9791314401878404,956.75,1.7263382931624613,83.00338709677419,14.718580364508622
Medak,1,6,15.390483870967742,1.996155188436788,957.6241935483871,1.7034336899974079,83.10379032258065,14.296425534994022
Medak,1,7,18.09967741935484,1.7078055788337636,958.5129032258066,1.6927856361839968,71.41064516129032,13.81348838523422
Medak,1,8,21.49298387096774,2.011690216756304,959.1895161290323,1.6949863202262014,56.89645161290323,12.127514587532364
Medak,1,9,25.216532258064515,1.951326854959443,959.2887096774194,1.6776973029217166,42.391693548387096,11.22755869921633
Medak,1,10,27.36,1.9548913013259837,958.6782258064517,1.6905553272373393,35.81338709677419,9.969636903068196
Medak,1,11,28.697016129032257,2.0086653660038216,957.5653225806452,1.7161615495638354,32.41096774193549,9.222734231134385
Medak,1,12,29.511774193548387,2.0608037931351304,956.2870967741936,1.740898176833858,30.378709677419355,8.821934228092134
Medak,1,13,29.836209677419355,2.0967495528520477,955.183064516129,1.7761620162583522,29.3725,8.645380892265981
Medak,1,14,29.63258064516129,2.125943069918129,954.5854838709678,1.8064785646710062,29.33516129032258,8.690674329358869
Medak,1,15,28.855,2.1520240047623007,954.5048387096774,1.824755461452045,30.600887096774194,9.076892757628608
Medak,1,16,26.753629032258065,2.3420272417505084,954.8491935483871,1.8471906142806358,41.214596774193545,11.189767204012309
Medak,1,17,23.249596774193545,2.3768416562428576,955.4814516129032,1.8478010194270655,51.99854838709677,12.18328874749986
Medak,1,18,21.936290322580643,2.34359721689277,956.3282258064515,1.8219778622998346,53.976532258064516,12.074404430386796
Medak,1,19,21.030645161290323,2.2991574073201084,957.1032258064516,1.7908500722051668,55.956935483870964,12.03017927117534
Medak,1,20,20.197338709677418,2.2456335622102617,957.5225806451613,1.7679089991331112,58.26862903225807,12.046889240861693
Medak,1,21,19.428870967741933,2.1919357779734416,957.5701612903225,1.7577692736256194,60.674354838709675,11.998901050081676
Medak,1,22,18.71475806451613,2.1287365861436385,957.2943548387096,1.748090824757776,63.05854838709678,12.037615954817985
Medak,1,23,18.051854838709676,2.0615438870586953,956.9072580645161,1.7370273358187442,65.4941129032258,12.04224947330826
Medak,2,0,20.525309734513275,1.96974575534711,955.6504424778761,1.8452218166023093,45.4337168141593,15.350402402513419
Medak,2,1,19.8741592920354,1.882932612814249,955.1477876106194,1.8594880893644368,48.181592920353985,16.12279506333301
Medak,2,2,19.254601769911503,1.817289010841536,954.8566371681417,1.8564980525073218,51.05814159292035,16.992913730470153
Medak,2,3,18.671061946902654,1.7824267981522193,954.8955752212389,1.8399529002381358,54.02761061946902,17.873518483776106
Medak,2,4,18.13433628318584,1.7833214777618693,955.3415929203541,1.8269669275154103,57.02185840707965,18.781890905331455
Medak,2,5,17.655486725663717,1.8048788004176965,956.1513274336284,1.8147272052101826,59.96752212389381,19.632351786336063
Medak,2,6,18.37690265486726,1.7713806558555742,957.1088495575221,1.7966018281607847,58.86592920353983,19.504478086416842
Medak,2,7,21.605575221238936,1.6078118104902561,957.9778761061947,1.8079553621856828,48.67044247787611,17.22492890247511
Medak,2,8,26.074690265486726,1.8473369205022732,958.5814159292036,1.831302652708086,34.882300884955754,12.99131303223493
Medak,2,9,29.715929203539822,1.8406756509732947,958.6964601769911,1.8416767012862854,26.20938053097345,10.251785583426242
Medak,2,10,31.666283185840708,1.853088731729057,958.0336283185841,1.8320368553036848,22.792566371681417,8.592661505481738
Medak,2,11,32.97592920353983,1.8821613891861375,956.8592920353983,1.8188809927368839,20.74017699115044,7.6835392215042715
Medak,2,12,33.78575221238938,1.9010879428959868,955.5725663716814,1.8195980613670253,19.44150442477876,7.164654714693778
Medak,2,13,34.09283185840708,1.912507922031464,954.4070796460177,1.8136248634668992,18.76008849557522,6.897870853642245
Medak,2,14,33.84946902654867,1.924850105809704,953.6858407079646,1.8182049260111166,18.696725663716816,6.893010362792706
Medak,2,15,33.07079646017699,1.9232775882373156,953.5469026548673,1.8230699577351563,19.26008849557522,7.142964007576069
Medak,2,16,31.52796460176991,2.0396157548193217,953.8610619469027,1.8276855792191002,21.870088495575224,8.883020570525789
Medak,2,17,27.52008849557522,2.237516757948106,954.4787610619469,1.8323214845534095,29.890353982300887,12.590845450536351
Medak,2,18,25.711150442477877,2.2394852534409035,955.3221238938053,1.848973388574361,32.21380530973451,12.855116013158236
Medak,2,19,24.72283185840708,2.2525059334893123,956.1849557522123,1.839653560113648,33.842212389380535,13.239321824891913
Medak,2,20,23.798053097345132,2.261268946223665,956.6787610619468,1.8579198875275058,35.69353982300885,13.59192465875247
Medak,2,21,22.91557522123894,2.2523844262617003,956.7495575221238,1.873028672927349,37.754955752212396,13.877302583966136
Medak,2,22,22.09849557522124,2.2187050684540774,956.5274336283186,1.87717720202107,40.022743362831854,14.11759447132421
Medak,2,23,21.363274336283187,2.1627836075290108,956.1442477876107,1.889110620914831,42.37893805309734,14.416972473122478
Medak,3,0,24.55548387096774,2.0787947394688673,953.4346774193548,2.0947881261524897,41.7616129032258,13.439730651282376
Medak,3,1,23.838064516129034,2.021626036932201,952.9370967741935,2.1255498663783645,44.597500000000004,14.308679645983487
Medak,3,2,23.17282258064516,2.0082021083804915,952.6846774193548,2.1203253452931166,47.61717741935484,15.299245986015919
Medak,3,3,22.570564516129032,2.0316556996653463,952.7830645161291,2.0940768878109415,50.45217741935484,16.194657734041126
Medak,3,4,22.026209677419356,2.055306276601445,953.2822580645161,2.073293142125876,52.98483870967742,16.996202659765583
Medak,3,5,21.53508064516129,2.0796898205119545,954.0782258064515,2.057647266613021,55.27879032258064,17.64335060230916
Medak,3,6,22.73556451612903,1.931836525603937,955.0032258064516,2.0670050398525155,52.097903225806455,16.89357564303125
Medak,3,7,25.756451612903227,1.8281289886836958,955.8435483870968,2.0620946780044433,42.47766129032258,14.032090058025503
Medak,3,8,29.964274193548388,2.0073601049321796,956.3701612903226,2.072623718735579,30.447903225806453,11.195487205976189
Medak,3,9,32.85266129032258,2.161666441207387,956.316129032258,2.08729751354344,24.50241935483871,9.518825538247345
Medak,3,10,34.6408064516129,2.19994885261098,955.691129032258,2.063110450553419,21.716129032258067,8.384932354219758
Medak,3,11,35.84241935483871,2.214728367410093,954.582258064516,2.0097748281064605,20.033629032258066,7.582576662116502
Medak,3,12,36.57298387096775,2.2361774075667005,953.292741935484,1.9815479449320412,18.99758064516129,7.078632495162718
Medak,3,13,36.82838709677419,2.2538982985030085,952.1475806451613,1.966444677136917,18.509838709677418,6.854031628703642
Medak,3,14,36.58483870967742,2.2130920442986928,951.3701612903226,1.9562690488938472,18.509838709677418,6.743803778630295
Medak,3,15,35.85967741935484,2.1534219074198884,951.1233870967742,1.948111817585403,18.99798387096774,6.8107932014015855
Medak,3,16,34.65193548387097,2.1115472989738686,951.3596774193549,1.9625733627151376,20.28508064516129,7.474688181327541
Medak,3,17,31.716209677419354,2.2074974215720045,951.925806451613,1.9871894999158335,27.046612903225807,10.8269612194425
Medak,3,18,29.663225806451614,2.270462346234808,952.7120967741936,2.001852505549111,30.603629032258063,11.992669260483481
Medak,3,19,28.765967741935484,2.2928928436468397,953.5370967741936,2.0250250522163107,31.91516129032258,12.152537657563103
Medak,3,20,27.864758064516128,2.3212908042513596,954.1588709677419,2.0295384591574757,33.517580645161296,12.29228301583603
Medak,3,21,26.984193548387097,2.317358356157361,954.3516129032258,2.023218231318527,35.32362903225807,12.353625473228854
Medak,3,22,26.161290322580644,2.278013314929264,954.2016129032259,2.0235999424260243,37.21951612903226,12.563978504499536
Medak,3,23,25.385887096774194,2.210300355595585,953.8459677419354,2.033835704708631,39.24887096774193,12.869893727944342
Medak,4,0,28.397666666666666,2.180500957525656,950.9283333333333,1.8070907644090157,41.40891666666666,11.593215474363184
Medak,4,1,27.59075,2.186563307256081,950.5208333333334,1.8097725300833312,44.335,11.943162313659652
Medak,4,2,26.879916666666666,2.2032292937250753,950.3325,1.7975783196083643,47.131750000000004,12.502787095166378
Medak,4,3,26.266750000000002,2.221330573509204,950.5233333333333,1.7539742786905892,49.67666666666666,13.130756590061784
Medak,4,4,25.754,2.2201349039183733,951.1016666666667,1.740085158417031,51.84583333333333,13.63604427616017
Medak,4,5,25.396583333333336,2.232550448613031,951.8625,1.7252968323345905,53.53425,13.954946393467006
Medak,4,6,26.9055,2.10934569089504,952.6991666666667,1.7180943045176114,49.037416666666665,13.088024386665023
Medak,4,7,29.84283333333333,2.0751726397082817,953.4741666666666,1.7358549988495193,39.378166666666665,10.932619680626987
Medak,4,8,33.14808333333333,2.112499931215091,953.8266666666666,1.7473501346316274,30.251166666666666,9.071703367548762
Medak,4,9,35.46991666666667,2.1454178241209845,953.6725,1.7409049370944505,25.559666666666665,7.672597966257632
Medak,4,10,37.17108333333333,2.1744620877698546,953.0766666666666,1.7208915675064347,22.870583333333332,6.83764472396369
Medak,4,11,38.39091666666666,2.20580174483905,952.1125,1.696143054256908,21.122833333333336,6.4160128176454325
Medak,4,12,39.118249999999996,2.2525677831415143,950.925,1.659160970505951,20.067416666666666,6.303752583315169
Medak,4,13,39.37433333333333,2.3295131432541467,949.8041666666667,1.6593202938357068,19.577333333333335,6.4890557810803235
Medak,4,14,39.15358333333334,2.353838201472542,949.0316666666666,1.6681385657402512,19.559,6.75763637759274
Medak,4,15,38.52133333333334,2.332066538874204,948.6941666666667,1.7112723574091628,19.981416666666668,7.05183131299571
Medak,4,16,37.49758333333333,2.291035506157897,948.8325,1.7594958454774243,21.06275,7.672608593304523
Medak,4,17,35.60291666666667,2.2997743388871674,949.3691666666667,1.7817843871358185,25.908333333333335,9.122136095607141
Medak,4,18,33.464166666666664,2.3853546794509843,950.0908333333333,1.7982716180613596,30.900666666666666,11.66015601127544
Medak,4,19,32.586666666666666,2.4026558600999905,950.8341666666668,1.8156414628358573,31.854499999999998,11.488443506484284
Medak,4,20,31.7645,2.410567369317192,951.4016666666666,1.8352745007211313,33.08808333333334,11.454170301856067
Medak,4,21,30.948333333333334,2.3646849714085834,951.7158333333333,1.8355497806375847,34.61675,11.446002286402713
Medak,4,22,30.134333333333334,2.3068996741173162,951.6550000000001,1.828938710488246,36.51833333333333,11.698044893987053
Medak,4,23,29.302333333333333,2.25896411648167,951.285,1.8365408661232927,38.81483333333333,12.128856554371755
Medak,5,0,28.493951612903224,2.5654390956982827,948.5088709677419,2.366775862479454,57.47346774193549,20.716326386063486
Medak,5,1,27.848387096774193,2.419830467453094,948.0782258064515,2.3401952695911254,60.39685483870968,20.019015040662445
Medak,5,2,27.239758064516128,2.315737766761593,947.9709677419354,2.338604065369071,63.142580645161296,19.30186712696312
Medak,5,3,26.70201612903226,2.245526711290659,948.2249999999999,2.3584004845506668,65.33411290322582,18.832925717386026
Medak,5,4,26.25,2.1930025450513315,948.7709677419356,2.3961952970053435,67.12379032258065,18.49538169525676
Medak,5,5,26.065645161290323,2.109913203599703,949.5048387096774,2.428752392722753,68.03846774193549,17.921004302049393
Medak,5,6,27.544677419354837,2.119866323245183,950.3419354838709,2.4452740805761426,61.83741935483871,16.935417588470692
Medak,5,7,30.041370967741937,2.285043393115011,950.9741935483871,2.469945227256825,51.469032258064516,15.785901264440316
Medak,5,8,32.59975806451613,2.58148141237832,951.2508064516129,2.4693403209705798,42.29693548387097,15.067750366311985
Medak,5,9,34.626854838709676,2.8959428774560796,951.1048387096774,2.4523708402281157,36.66290322580645,14.442514069266647
Medak,5,10,36.23016129032258,3.186763269584918,950.5258064516129,2.425570789173431,33.0,13.913001055630799
Medak,5,11,37.42362903225806,3.4298740963115026,949.6524193548387,2.4244172448618926,30.54733870967742,13.537668321821897
Medak,5,12,38.18741935483871,3.6152832476755066,948.6451612903226,2.403836866572073,29.008790322580648,13.368343543382226
Medak,5,13,38.48556451612903,3.717726226689753,947.699193548387,2.388743792315104,28.23548387096774,13.433070849470433
Medak,5,14,38.30241935483871,3.7333551184689027,947.0064516129032,2.3863003966403205,28.16516129032258,13.757016390692206
Medak,5,15,37.7583064516129,3.672783823071399,946.6467741935484,2.3657252960222066,28.68217741935484,14.315173629170802
Medak,5,16,36.83080645161291,3.571521867501212,946.7153225806452,2.350542035909026,30.234596774193548,15.381132323187533
Medak,5,17,35.19903225806452,3.4103716554386376,947.1846774193548,2.3350995993743453,36.046370967741936,17.213582382245995
Medak,5,18,32.95887096774194,3.1482859473020457,947.8556451612903,2.3349344942799277,45.69225806451613,20.37647012357855
Medak,5,19,32.118951612903224,3.080170731871377,948.5451612903227,2.3436249748102704,47.24975806451613,20.772602792386415
Medak,5,20,31.342903225806452,2.984808630325286,949.0806451612904,2.3744807706056292,48.88346774193548,20.938961662873254
Medak,5,21,30.56491935483871,2.8711875382186975,949.4314516129032,2.3984197689069235,50.82056451612903,20.99207207310972
Medak,5,22,29.830322580645163,2.769615903481801,949.4000000000001,2.3962708154836156,52.96233870967742,20.93297146814014
Medak,5,23,29.128709677419355,2.653886233935022,949.008064516129,2.3851367936156773,55.30806451612903,20.660642670861904
Medak,6,0,26.291583333333335,2.3424916691181563,947.6625,1.5809295478591447,75.256,15.155864571985644
Medak,6,1,25.811333333333334,2.1896628547260297,947.2099999999999,1.6028021680531803,77.15316666666666,14.783316680394462
Medak,6,2,25.396333333333335,2.0542098332973895,947.0391666666667,1.614185843815794,78.9285,14.382576506829015
Medak,6,3,25.055,1.9515669205482415,947.1516666666666,1.6569681401182326,80.44841666666666,14.068986393633976
Medak,6,4,24.783916666666666,1.870391275217292,947.5324999999999,1.7017619391322358,81.74658333333333,13.750588650246618
Medak,6,5,24.73841666666667,1.7995923888776701,948.1533333333333,1.7440864471160877,81.99591666666667,13.363088412704982
Medak,6,6,25.790833333333335,1.9200838494179153,948.8866666666667,1.7648735681302092,76.77308333333333,13.162804661151023
Medak,6,7,27.608166666666666,2.246306766591746,949.4125,1.7560250424125021,67.64508333333333,12.910014612846956
Medak,6,8,29.50175,2.5741640276362503,949.6541666666667,1.75340704758188,59.22616666666667,12.573300655903898
Medak,6,9,31.164166666666667,2.8334127604619224,949.5425,1.7407456385558815,53.13558333333333,12.192262100162038
Medak,6,10,32.484833333333334,3.027099169791681,949.0708333333333,1.7253617734549964,48.90691666666667,11.854689090751194
Medak,6,11,33.41941666666666,3.1790990996560886,948.325,1.7068448458284864,46.07891666666667,11.658680597319249
Medak,6,12,33.96333333333333,3.2851799468085674,947.4866666666666,1.7201198577221293,44.40833333333333,11.698767825179322
Medak,6,13,34.129333333333335,3.3312868115381904,946.7483333333333,1.724416029923649,43.74308333333333,11.950758830787805
Medak,6,14,33.92058333333333,3.327067574976405,946.2241666666666,1.7140053750704127,44.08408333333333,12.41339087849251
Medak,6,15,33.4225,3.325172201265257,945.9883333333333,1.6875313048242913,45.37675,13.178979708439574
Medak,6,16,32.60025,3.2980685619762027,946.1241666666666,1.6406084049447585,48.133500000000005,14.282410740299476
Medak,6,17,31.285,3.170974454579638,946.5908333333333,1.5844833653320416,54.69975,15.153276233516092
Medak,6,18,29.572916666666668,2.832695481423332,947.1925,1.5566157268280378,64.21825,14.938050656493516
Medak,6,19,28.80425,2.7773785059919733,947.8183333333333,1.5420156694826386,67.05641666666666,15.400716713423272
Medak,6,20,28.196916666666667,2.7263589767871976,948.3225,1.544328877108842,69.19616666666667,15.589672631107357
Medak,6,21,27.653583333333334,2.6690642290030064,948.6641666666667,1.5484769330942167,71.00683333333333,15.680289826646037
Medak,6,22,27.154,2.587397836248846,948.6041666666666,1.549865585569707,72.6775,15.616839233566411
Medak,6,23,26.664416666666668,2.462215575293049,948.1858333333333,1.5509441869869047,74.34841666666667,15.304591720267789
Medak,7,0,23.955322580645163,0.9823163561455182,946.6032258064516,1.8378555674503798,89.45137096774194,6.34324367982103
Medak,7,1,23.656532258064516,0.9223776666455925,946.1129032258065,1.8392720255727455,90.57169354838709,5.546463272406404
Medak,7,2,23.396129032258063,0.8642668867358045,945.8548387096774,1.8367236134787523,91.53677419354838,4.715164697808414
Medak,7,3,23.18532258064516,0.8148204804869148,945.8814516129032,1.861958359523398,92.3225806451613,3.936753206190553
Medak,7,4,23.016612903225806,0.7839475748781671,946.1975806451613,1.904699524333556,92.92362903225806,3.339557035685634
Medak,7,5,22.986451612903227,0.7799897784908596,946.7693548387097,1.9369398972990213,92.8850806451613,3.0108652825294375
Medak,7,6,23.72282258064516,0.839963762752896,947.4693548387097,1.9603872779555067,89.19346774193548,4.011249839560443
Medak,7,7,25.03983870967742,1.0698521924131987,948.0241935483871,1.9717670242721115,81.9833064516129,6.351575020312464
Medak,7,8,26.54733870967742,1.3952236227622317,948.325,1.9520522867180727,74.18516129032257,8.324172605566869
Medak,7,9,27.92975806451613,1.684734648334949,948.2475806451613,1.9180555749418169,67.96024193548386,9.533686058376922
Medak,7,10,29.045725806451614,1.9423002762783728,947.8290322580646,1.865422386988479,63.58024193548387,10.405451390505764
Medak,7,11,29.85814516129032,2.1567490466676014,947.1185483870968,1.8053383771958431,60.704193548387096,11.078477053092316
Medak,7,12,30.355483870967742,2.300296677521357,946.3233870967742,1.76276339188421,59.064677419354844,11.608235192540668
Medak,7,13,30.49233870967742,2.3613566132786366,945.6379032258066,1.7514032813642049,58.69137096774193,12.02943377582483
Medak,7,14,30.278145161290322,2.3603173849333636,945.2048387096773,1.7327010184398113,59.60629032258065,12.431267650352572
Medak,7,15,29.785725806451612,2.3220484975597886,945.0443548387096,1.7229348387074372,61.70467741935484,12.956021259899414
Medak,7,16,28.969193548387096,2.2255225372618623,945.2362903225807,1.734552479826285,65.72419354838709,13.445724142579008
Medak,7,17,27.761129032258065,1.9836220503160047,945.7588709677419,1.7235344709770497,72.60233870967743,12.785866314520822
Medak,7,18,26.455967741935485,1.6113792099628674,946.3758064516129,1.747442775863474,79.72112903225806,10.828213014570151
Medak,7,19,25.863467741935484,1.4770125002112295,946.9854838709678,1.797997691579405,82.23774193548387,9.996996609039828
Medak,7,20,25.41016129032258,1.3531883361014174,947.4669354838709,1.8169357646982227,84.05693548387096,9.269381468512991
Medak,7,21,25.0,1.2244069412264758,947.808064516129,1.7960026424643307,85.6950806451613,8.491956452060238
Medak,7,22,24.630967741935482,1.1236130886273512,947.6637096774194,1.7971673591108557,87.05000000000001,7.809681088187088
Medak,7,23,24.278548387096773,1.046858788396462,947.1637096774194,1.8180367628640282,88.32951612903226,7.120205059488706
Medak,8,0,23.424193548387095,0.6656668479640279,948.5806451612904,1.772264979515946,94.14435483870967,2.7524269385267313
Medak,8,1,23.140887096774193,0.6538429389197697,948.0604838709677,1.798048560454833,94.8541935483871,2.2952754928876793
Medak,8,2,22.895564516129035,0.6431721468145015,947.7975806451612,1.7866016116210213,95.42362903225806,1.9139833467164826
Medak,8,3,22.69266129032258,0.6396799363184684,947.8491935483871,1.7781645770422378,95.86637096774194,1.5909716490539265
Medak,8,4,22.518629032258065,0.6564332481155843,948.1935483870968,1.761777646956099,96.24403225806452,1.3472905175901575
Medak,8,5,22.42322580645161,0.6879538985157987,948.7201612903226,1.7773177854169246,96.3725,1.1662263687163952
Medak,8,6,22.971693548387094,0.771139713780468,949.3927419354839,1.8263728943239323,94.11,1.6693019815752355
Medak,8,7,24.033870967741933,0.900171356476195,950.0137096774193,1.8893942194929922,89.02161290322582,3.50502922922453
Medak,8,8,25.376370967741938,1.0907067408783278,950.3580645161289,1.8945834977508575,82.4575,5.080551411242322
Medak,8,9,26.61572580645161,1.2354053173717534,950.3491935483871,1.845297075152873,76.90572580645161,5.836011581229012
Medak,8,10,27.623870967741937,1.3368733755444862,949.9806451612903,1.8053973919844997,72.88677419354838,6.2185583183205
Medak,8,11,28.354758064516126,1.4320140252922182,949.2959677419354,1.7793942147001447,70.19,6.557636025573728
Medak,8,12,28.78491935483871,1.5148701927097747,948.4830645161289,1.7576648299207716,68.72419354838709,6.9414972374260815
Medak,8,13,28.927338709677418,1.5749033310743923,947.7395161290323,1.7631189358212351,68.3908870967742,7.346256057914805
Medak,8,14,28.79217741935484,1.5929859269272948,947.2411290322581,1.7831648167522682,69.29951612903226,7.739168549997227
Medak,8,15,28.427258064516128,1.5584630424916999,947.0298387096774,1.826097168302529,71.51790322580645,8.099664579444124
Medak,8,16,27.758306451612906,1.4265016174801488,947.1451612903226,1.8878453687672687,75.91274193548388,7.7940933794545995
Medak,8,17,26.662096774193547,1.1741513276201292,947.5725806451613,1.9101499838816716,83.37016129032257,5.721480845306117
Medak,8,18,25.525403225806453,0.9332201434211923,948.167741935484,1.86436625327671,88.69669354838709,4.267464874860643
Medak,8,19,25.083870967741937,0.9070148569317853,948.8225806451613,1.7773570727839514,89.58790322580644,4.761733180772264
Medak,8,20,24.71741935483871,0.8638012709645108,949.4209677419354,1.7093370651230457,90.60225806451614,4.49219591380242
Medak,8,21,24.365806451612904,0.7883017630016654,949.7491935483871,1.667601167333281,91.645,4.068750332509057
Medak,8,22,24.030483870967743,0.7219067512229805,949.6314516129032,1.6748919118375056,92.60677419354839,3.603475411048029
Medak,8,23,23.709435483870966,0.6769303051867688,949.1870967741935,1.6970068217777086,93.47322580645161,3.11935722698964
Medak,9,0,23.13515463917526,0.7551491483503747,948.8835051546391,1.599588515601423,95.41412371134021,2.2022090011023248
Medak,9,1,22.897319587628864,0.775053110362872,948.3690721649485,1.609888765874189,95.84226804123712,1.8504349179959896
Medak,9,2,22.680515463917526,0.8058579423173019,948.0680412371134,1.6232391993424151,96.21855670103093,1.5132732112396863
Medak,9,3,22.49618556701031,0.8446035106522974,948.1082474226804,1.6288844663790663,96.51515463917525,1.282586996238842
Medak,9,4,22.345257731958764,0.8867392194433316,948.4773195876289,1.6422485319067632,96.7379381443299,1.2831227680158612
Medak,9,5,22.222886597938142,0.9022586920737764,949.039175257732,1.653188629905287,96.92226804123712,1.2344064912899775
Medak,9,6,22.714432989690724,0.799370806051241,949.7329896907218,1.6749204987031183,95.42329896907216,1.352586042895771
Medak,9,7,23.672268041237114,0.786673514917189,950.4577319587628,1.712383514988822,92.01144329896908,3.1624828687581856
Medak,9,8,24.884536082474227,1.0865321561227075,950.8329896907217,1.745692415721988,86.8701030927835,5.381230593237428
Medak,9,9,25.9980412371134,1.369508457421293,950.7865979381444,1.7100578003132854,81.9682474226804,6.930731684904867
Medak,9,10,26.904329896907214,1.5678746941962673,950.401030927835,1.6520501685633562,78.27443298969072,7.790139596667506
Medak,9,11,27.53979381443299,1.700028786141968,949.6865979381444,1.5987383610456785,75.9260824742268,8.291805763912983
Medak,9,12,27.90494845360825,1.7792818797852015,948.8134020618556,1.5607576195806254,74.61865979381443,8.636036372480381
Medak,9,13,28.005463917525777,1.8006995287818923,948.0453608247423,1.5601829899723987,74.3203092783505,8.867485369503036
Medak,9,14,27.860103092783504,1.76886233144202,947.5628865979382,1.5593347665236683,75.16525773195876,9.043255439458676
Medak,9,15,27.490618556701033,1.6787165325734403,947.4896907216495,1.563015550685229,77.59773195876289,8.968260295011083
Medak,9,16,26.85855670103093,1.5191012897507314,947.7515463917525,1.5558433807518983,81.86639175257731,8.01729435158341
Medak,9,17,25.758865979381444,1.233113333099614,948.239175257732,1.5468756616854333,88.3258762886598,5.843264775323476
Medak,9,18,24.893711340206185,1.0803831492303508,948.8319587628865,1.5461340492602356,91.12577319587629,5.1259443916567635
Medak,9,19,24.578350515463917,1.025259804891312,949.4309278350515,1.5678648448833943,91.71762886597939,5.1325699729756575
Medak,9,20,24.263917525773195,0.9291747645772274,949.9670103092784,1.5838193321764678,92.54814432989691,4.613274625536455
Medak,9,21,23.968556701030927,0.8506700663921759,950.1319587628866,1.5866990362432305,93.34340206185567,3.953959746938803
Medak,9,22,23.674742268041236,0.794817972850158,949.9432989690722,1.5837657665944334,94.14773195876289,3.2229853219862576
Medak,9,23,23.393402061855667,0.7700255496274373,949.481443298969,1.5920590635575307,94.8419587628866,2.6405482539834644
Medak,10,0,21.36763440860215,2.0307389947726255,953.1462365591399,2.119862543728066,93.86376344086021,4.537937166382985
Medak,10,1,21.090645161290322,2.053523380654529,952.6086021505376,2.143526955134062,94.46774193548387,4.55151267951757
Medak,10,2,20.85462365591398,2.0687275857920304,952.3462365591397,2.152478810671072,94.94096774193548,4.768433127147585
Medak,10,3,20.646236559139783,2.095663697909532,952.4043010752689,2.139936710690185,95.30881720430106,4.947509002004774
Medak,10,4,20.453440860215053,2.125636219144372,952.8387096774194,2.1052745487622713,95.62612903225806,4.973479018593235
Medak,10,5,20.280860215053764,2.1521256710891277,953.568817204301,2.087331273817676,95.95290322580647,5.006815264053484
Medak,10,6,20.94505376344086,2.044270691498939,954.3612903225807,2.079560585800235,94.68978494623656,3.831148363002434
Medak,10,7,22.530322580645162,1.6338780564981918,955.0505376344086,2.080793308996276,88.98892473118279,5.517963247109122
Medak,10,8,24.539139784946236,1.396836220141771,955.4623655913979,2.087275839487314,81.08462365591397,6.896403057287519
Medak,10,9,26.323225806451614,1.1150698567416095,955.4387096774194,2.121219514810772,73.26956989247311,8.946654088440795
Medak,10,10,27.399139784946236,1.0225954360840657,954.847311827957,2.1077286042319585,69.30279569892473,8.61789951781242
Medak,10,11,28.0747311827957,0.985087274215545,953.8784946236559,2.0756795357899516,66.94096774193548,8.369142606404768
Medak,10,12,28.43709677419355,0.9669321506761547,952.8860215053763,2.044855230224384,65.58623655913978,8.26627221513639
Medak,10,13,28.499354838709678,0.9428677421794853,952.089247311828,2.018903187247008,65.1889247311828,8.268343041826249
Medak,10,14,28.256021505376342,0.9335662569171136,951.6118279569891,2.0121289537704143,65.95731182795699,8.45943365097124
Medak,10,15,27.70989247311828,0.9585354483291691,951.5731182795699,1.9828690119285315,68.69387096774193,8.738065529655918
Medak,10,16,26.687849462365588,1.0456783209979734,951.9,1.9599245770758067,75.02376344086022,7.804034201167797
Medak,10,17,24.71505376344086,1.3745533849027622,952.4322580645161,1.9539347865448349,85.58881720430108,5.433538931940964
Medak,10,18,23.644623655913975,1.5248496427230367,953.1096774193549,1.9560421727987374,88.38376344086022,5.447439947985635
Medak,10,19,23.163978494623656,1.641315180357393,953.8451612903226,1.9916955923027118,89.48698924731184,5.328364580029151
Medak,10,20,22.729569892473116,1.744552336983613,954.3709677419355,2.001661301604103,90.54301075268818,5.096546099191832
Medak,10,21,22.315268817204302,1.8318703861721382,954.4548387096775,2.0189599199798454,91.55408602150538,4.692378009477085
Medak,10,22,21.929354838709678,1.9075005307718285,954.2333333333333,2.034022216400676,92.46451612903226,4.466297590342353
Medak,10,23,21.589354838709678,1.9716869881506653,953.825806451613,2.0409345273037522,93.23881720430107,4.438811251328234
Medak,11,0,17.57477777777778,2.9459727710961543,955.958888888889,1.2778927918708745,91.11777777777777,4.94507762922395
Medak,11,1,17.19611111111111,2.960437902031598,955.4977777777779,1.2682800684726148,92.40733333333333,4.9677795098441155
Medak,11,2,16.839333333333332,2.999587537188809,955.2466666666667,1.2688311882475525,93.81144444444445,5.043437734548941
Medak,11,3,16.500222222222224,3.0592769130893194,955.2633333333333,1.2584500900764721,95.06077777777777,4.949103704525932
Medak,11,4,16.212333333333333,3.1331945323468315,955.5944444444444,1.2567446006492131,96.00944444444445,4.709172345781381
Medak,11,5,15.964222222222222,3.206969929674693,956.27,1.2519153864505126,96.74688888888888,4.48459977657482
Medak,11,6,16.357333333333333,3.2337305134639562,957.0522222222222,1.248210204295503,95.84588888888888,4.043299324279348
Medak,11,7,18.572111111111113,2.75319568944337,957.7722222222222,1.2521467209303794,86.89288888888889,4.939158197039326
Medak,11,8,21.05166666666667,2.6549835480562645,958.2544444444444,1.2689162952278146,77.43333333333334,5.533923979125622
Medak,11,9,23.86933333333333,2.178813098192206,958.3088888888889,1.27302563099825,64.88966666666667,7.2167915075136655
Medak,11,10,25.407555555555554,2.0613038914323045,957.6977777777778,1.2867499148323196,59.672333333333334,7.334696067629142
Medak,11,11,26.378,2.037541038395566,956.6544444444444,1.3048880541860968,56.92733333333334,7.167805644184908
Medak,11,12,26.970000000000002,2.0161806143455787,955.5877777777777,1.334320327574746,55.25844444444445,7.112520517710751
Medak,11,13,27.166888888888888,1.9800111476501787,954.6933333333333,1.3459719348627497,54.641333333333336,7.2457276369433075
Medak,11,14,26.941666666666666,1.9586358759049678,954.2022222222222,1.3566298111291983,55.31044444444444,7.612469650663454
Medak,11,15,26.272333333333336,1.9492960700056114,954.1477777777778,1.3533336100809323,58.08566666666667,7.900514284213159
Medak,11,16,24.656111111111112,2.1379790386105464,954.4711111111111,1.3455080861843445,69.34477777777778,6.682530172069877
Medak,11,17,21.92188888888889,2.519450133715619,955.0277777777778,1.3421455050790734,79.893,5.978776405199552
Medak,11,18,20.85188888888889,2.638693877806602,955.7588888888889,1.3307845489054235,81.73055555555555,6.066398587524689
Medak,11,19,20.153555555555556,2.726909726078636,956.4988888888888,1.3282999563473707,83.48877777777777,5.921037114548443
Medak,11,20,19.519666666666666,2.7937874296816467,956.9411111111111,1.3161822936858478,85.17522222222223,5.786706235086241
Medak,11,21,18.938222222222223,2.8438957209100915,957.03,1.304223907157014,86.77488888888888,5.643557576772565
Medak,11,22,18.40266666666667,2.8805082260686956,956.7877777777777,1.3129286054832003,88.29655555555556,5.541142574975367
Medak,11,23,17.91511111111111,2.8981432430400194,956.3900000000001,1.313118768000967,89.66822222222223,5.371703342888079
Medak,12,0,15.924838709677418,2.9353229630852753,956.3,1.8986837546047737,82.51698924731183,9.915890604933752
Medak,12,1,15.49709677419355,2.970166362140988,955.8344086021506,1.8908529604879791,83.99645161290323,10.113473540515068
Medak,12,2,15.123763440860214,3.026354498753768,955.5225806451614,1.8979467757380497,85.4710752688172,10.197162271752218
Medak,12,3,14.779784946236559,3.0818045879754554,955.5193548387097,1.9155120818633105,87.09698924731184,10.314486097015948
Medak,12,4,14.471505376344085,3.1454919246980024,955.8666666666667,1.9310581315036783,88.63698924731183,10.191506671152409
Medak,12,5,14.185913978494623,3.2464362523151378,956.5344086021505,1.9570105098280741,90.04806451612903,9.804175713978967
Medak,12,6,14.32989247311828,3.318017511361806,957.3354838709677,1.9880974716553121,90.09032258064516,9.177096307326249
Medak,12,7,16.75741935483871,2.7928499170536423,958.1569892473119,2.0282460751071256,80.36408602150537,9.080505784198795
Medak,12,8,19.344731182795698,2.7378822311659876,958.7655913978494,2.0510068907763195,69.76731182795699,9.841974013265494
Medak,12,9,22.743225806451612,2.2854150804091518,958.8118279569892,2.0326064581117067,55.92,11.477868780358591
Medak,12,10,24.856774193548386,2.047247973176334,958.2279569892473,1.995122617534935,48.59569892473118,11.47106552780303
Medak,12,11,26.09032258064516,2.0150075259396134,957.2,1.980228357494679,45.442150537634404,11.157058191962216
Medak,12,12,26.857204301075267,1.9979948457039527,955.9978494623656,1.9763811073373285,43.57021505376344,11.102976488751606
Medak,12,13,27.17086021505376,1.9912213075058158,954.9956989247313,1.9656238073056445,42.75,11.31335244205982
Medak,12,14,26.97741935483871,1.9872013875897743,954.4709677419355,1.95440309163693,43.0594623655914,11.718383584703231
Medak,12,15,26.19204301075269,2.022343968904583,954.4182795698924,1.9594223991734323,45.84462365591398,12.119832611049919
Medak,12,16,23.993440860215053,2.1972757315562865,954.7709677419355,1.955348331314455,60.47774193548388,10.148941594959359
Medak,12,17,20.86064516129032,2.4865817319520054,955.3870967741935,1.9381875109207847,69.35913978494624,9.796779379393444
Medak,12,18,19.684516129032257,2.619642987677748,956.2010752688171,1.9212481576837679,71.52623655913978,9.816284375639874
Medak,12,19,18.843225806451613,2.7136327173263837,956.9043010752689,1.881368256632384,73.5168817204301,9.871962050973343
Medak,12,20,18.094086021505376,2.7820297706339874,957.325806451613,1.8692537005218093,75.53225806451613,9.805546248783216
Medak,12,21,17.43,2.8206810001040203,957.4118279569893,1.8677380799504137,77.43236559139785,9.605841564862386
Medak,12,22,16.849462365591396,2.8407987875394554,957.1752688172044,1.8487161181878344,79.13806451612903,9.448349091826037
Medak,12,23,16.335698924731183,2.85634587094339,956.7892473118279,1.8599007901072635,80.70311827956989,9.476722738705227
Nizamabad,1,0,18.031451612903226,2.1161522428012653,965.441935483871,1.8211537830438274,62.40467741935484,11.56855110598746
Nizamabad,1,1,17.418870967741935,2.091226041631812,964.9951612903226,1.8407693177286177,65.31475806451613,11.881979144750085
Nizamabad,1,2,16.864354838709676,2.075703913098987,964.7024193548388,1.8342923009913372,68.32169354838709,12.386290396704851
Nizamabad,1,3,16.37556451612903,2.0564257026697024,964.6887096774193,1.8361416633012047,71.3266935483871,13.041985404356105
Nizamabad,1,4,15.928548387096775,2.05727963624411,965.050806451613,1.8299893805610072,74.36709677419356,13.650093645957309
Nizamabad,1,5,15.509274193548388,2.0935752177792297,965.7774193548387,1.8032869135638065,77.43443548387097,14.069196896224993
Nizamabad,1,6,15.640403225806452,2.1167894078208813,966.6741935483872,1.7705297984254604,78.14459677419354,13.879033869001834
Nizamabad,1,7,18.188306451612902,1.8583416515651199,967.5709677419355,1.7541483558227202,67.65782258064516,13.130522782952413
Nizamabad,1,8,21.77911290322581,2.0462211898719387,968.2395161290323,1.7431780410114472,53.274193548387096,11.25174306979038
Nizamabad,1,9,25.780241935483872,1.8826566006446042,968.3217741935483,1.733250177048632,38.98846774193548,10.422022808539387
Nizamabad,1,10,28.142500000000002,1.806218087742398,967.6556451612903,1.7553311326530228,32.369112903225805,9.125024914731265
Nizamabad,1,11,29.615322580645163,1.8128414723959776,966.4879032258065,1.78195985747381,28.8141935483871,8.283452806726121
Nizamabad,1,12,30.524919354838712,1.8293605866654898,965.1459677419356,1.8001083613971873,26.65217741935484,7.792739226433366
Nizamabad,1,13,30.911612903225805,1.8411963180112465,964.0088709677419,1.821462474000183,25.523306451612903,7.550005300356101
Nizamabad,1,14,30.727016129032258,1.8623771765421793,963.3637096774194,1.8476675992461586,25.36483870967742,7.587082248594956
Nizamabad,1,15,29.968548387096774,1.8818749055772228,963.2645161290322,1.870924016237551,26.299677419354836,7.88509935035789
Nizamabad,1,16,27.918709677419354,2.0972060266648964,963.6072580645161,1.8932560410378463,33.92314516129032,9.472605892005694
Nizamabad,1,17,24.370080645161288,2.31054968153508,964.241935483871,1.9116713316772362,42.486854838709675,10.685347643159748
Nizamabad,1,18,23.053467741935485,2.2981908913174944,965.116935483871,1.9014210250502674,44.73169354838709,10.551766678400595
Nizamabad,1,19,22.10709677419355,2.2850645413288215,965.8895161290322,1.876158440983226,47.14669354838709,10.614964948053919
Nizamabad,1,20,21.20782258064516,2.272820517875937,966.324193548387,1.854652289974054,49.991048387096775,10.83803411347253
Nizamabad,1,21,20.35258064516129,2.250011335461145,966.4080645161291,1.8596090494891548,53.02645161290322,11.052022012220897
Nizamabad,1,22,19.561451612903223,2.2266711796659835,966.1661290322581,1.8431542024773016,56.009354838709676,11.26771824182389
Nizamabad,1,23,18.828306451612903,2.200255240838226,965.8048387096775,1.8280050363164508,58.92379032258064,11.453632547134717
Nizamabad,2,0,21.324778761061946,2.0971992792025596,964.4548672566372,1.8867958076383813,40.05185840707964,13.22318732842538
Nizamabad,2,1,20.618761061946902,2.0252593011863254,963.9663716814159,1.8947111832051058,42.548495575221246,13.997988453781936
Nizamabad,2,2,19.947433628318585,1.9728088110433983,963.6902654867257,1.8940208835857713,45.176902654867256,14.909113408993335
Nizamabad,2,3,19.28008849557522,1.935134960029191,963.7681415929204,1.8899293962023271,47.94938053097345,15.774138774497882
Nizamabad,2,4,18.642477876106195,1.923343225337742,964.2345132743363,1.87291645719333,50.79230088495575,16.583148180825958
Nizamabad,2,5,18.06761061946903,1.9407004784430495,965.0840707964602,1.8621496013479097,53.5812389380531,17.38247583943295
Nizamabad,2,6,18.67026548672566,1.8929485976045932,966.0646017699115,1.8397845542530495,52.739380530973456,17.45131663489616
Nizamabad,2,7,21.75566371681416,1.7138172077611418,966.9548672566372,1.8507233696991106,44.13982300884956,15.53814718122909
Nizamabad,2,8,26.247699115044245,1.8097538352975533,967.553982300885,1.8799237920643754,32.085132743362834,11.495821687763982
Nizamabad,2,9,30.1229203539823,1.674284858750962,967.6469026548673,1.891384167956521,24.299026548672565,9.070943206253395
Nizamabad,2,10,32.1970796460177,1.6361986003145539,966.9610619469028,1.8892285665015467,21.066814159292036,7.463431596013267
Nizamabad,2,11,33.5641592920354,1.6245954032926166,965.7486725663717,1.8844341251917531,19.1170796460177,6.563035921167002
Nizamabad,2,12,34.420796460176994,1.6118579239902684,964.4185840707964,1.8711889207784973,17.874778761061947,6.029984615199686
Nizamabad,2,13,34.75761061946903,1.6078653074897415,963.2230088495575,1.8642792962868877,17.227610619469026,5.760321834129006
Nizamabad,2,14,34.53008849557522,1.6140004069166707,962.474336283186,1.868286971354391,17.154513274336285,5.722348105571705
Nizamabad,2,15,33.77274336283186,1.6185063924735872,962.3053097345132,1.8667600230252037,17.636902654867257,5.895406516888204
Nizamabad,2,16,32.276283185840704,1.690327628159207,962.5946902654867,1.8691021864962656,19.474690265486725,6.6381827158703155
Nizamabad,2,17,28.340619469026546,2.0717217146209235,963.2070796460176,1.881143118186387,25.53194690265487,8.423249061208837
Nizamabad,2,18,26.568672566371685,2.134991428731866,964.0469026548673,1.8975581487636526,27.751504424778762,8.934421320020732
Nizamabad,2,19,25.568318584070795,2.188943361637099,964.9061946902655,1.8938473306360528,29.36061946902655,9.519516070682096
Nizamabad,2,20,24.63557522123894,2.2459634180223893,965.4008849557522,1.909772591885771,31.160442477876106,10.241667117133787
Nizamabad,2,21,23.745929203539824,2.2700203103119634,965.4902654867257,1.9276171727295597,33.12681415929203,10.960826616498437
Nizamabad,2,22,22.92637168141593,2.27222832021584,965.2743362831858,1.9363892558547116,35.19,11.597581336517667
Nizamabad,2,23,22.18008849557522,2.2531686004599396,964.9088495575221,1.9388213246585344,37.302389380530975,12.206234814512992
Nizamabad,3,0,25.197741935483872,2.1193759008925315,962.0524193548387,2.156648397518006,38.30467741935484,13.181985146988332
Nizamabad,3,1,24.45935483870968,2.074966055921984,961.5790322580646,2.159127880002203,40.59104838709678,13.808073390660526
Nizamabad,3,2,23.749274193548384,2.065238100561662,961.3451612903226,2.154909495343851,43.12427419354839,14.655977063865938
Nizamabad,3,3,23.084596774193546,2.0818860270396686,961.4725806451613,2.1253154222021733,45.700403225806454,15.546807028427944
Nizamabad,3,4,22.456290322580646,2.0936106702548054,962.008064516129,2.098958191994026,48.24620967741935,16.357915494884786
Nizamabad,3,5,21.875887096774196,2.1131504673634405,962.8330645161291,2.103992402154586,50.69774193548387,16.95839978638831
Nizamabad,3,6,23.09,2.0108271970162344,963.7846774193548,2.114988875591664,47.714354838709674,16.150152419021275
Nizamabad,3,7,26.10862903225806,1.9293371938584405,964.6516129032258,2.0983339837772657,39.33548387096774,13.169094107088904
Nizamabad,3,8,30.33241935483871,1.986949441448971,965.183870967742,2.11780631620831,28.87741935483871,10.3499940592236
Nizamabad,3,9,33.340403225806455,2.111157505954697,965.1177419354839,2.1450282234047053,23.387338709677422,8.780846775552181
Nizamabad,3,10,35.178145161290324,2.1642082489008683,964.4653225806452,2.1122578508385446,20.7241935483871,7.696920733335024
Nizamabad,3,11,36.4108064516129,2.1872251406503596,963.3499999999999,2.0844566077502296,19.08951612903226,6.944267432240024
Nizamabad,3,12,37.16048387096774,2.214598223701232,962.0379032258064,2.053535232205212,18.07758064516129,6.449695193020705
Nizamabad,3,13,37.43604838709677,2.2232565357276965,960.866935483871,2.0406726841739857,17.57475806451613,6.183538527532528
Nizamabad,3,14,37.211290322580645,2.1807636343374392,960.058064516129,2.028339734143308,17.519435483870968,6.037385599908515
Nizamabad,3,15,36.50814516129032,2.1282801052491123,959.7830645161291,2.03400848877015,17.909032258064514,6.0790782649836395
Nizamabad,3,16,35.3075,2.0913474961358003,960.0088709677419,2.0449029275775055,19.010967741935485,6.571081931847187
Nizamabad,3,17,32.309919354838705,2.2334844613231435,960.5572580645162,2.0595671416368933,25.28532258064516,9.968275974879301
Nizamabad,3,18,30.246290322580645,2.2950914280252595,961.332258064516,2.0837173000480775,28.66274193548387,11.391323494539668
Nizamabad,3,19,29.322580645161292,2.269642667684043,962.1459677419356,2.112040557381445,29.83508064516129,11.442894802315461
Nizamabad,3,20,28.42217741935484,2.2625633209425517,962.7564516129032,2.116571930617265,31.316129032258065,11.736540515320868
Nizamabad,3,21,27.571693548387096,2.2684093211793397,962.9467741935483,2.1060669421594547,32.9825,12.042939680086892
Nizamabad,3,22,26.782016129032257,2.2592512537077445,962.7975806451612,2.095386481210221,34.65459677419355,12.368541224865975
Nizamabad,3,23,26.02911290322581,2.2194070152507734,962.4298387096775,2.097461874560982,36.310564516129034,12.654086926321204
Nizamabad,4,0,29.146,2.1124975858968864,959.4308333333333,1.9180170008855866,38.56033333333333,11.083435132743674
Nizamabad,4,1,28.369916666666665,2.138786860978597,959.0616666666666,1.9002513470781897,41.16116666666667,11.413589952431309
Nizamabad,4,2,27.659166666666668,2.157849296274922,958.8974999999999,1.8672076171960081,43.71175,11.78439800785611
Nizamabad,4,3,27.021416666666667,2.17907901902351,959.12,1.831773719099401,46.12133333333334,12.368109026700825
Nizamabad,4,4,26.474333333333334,2.182048891969835,959.7183333333334,1.8209325957342526,48.13558333333333,12.84376844591014
Nizamabad,4,5,26.070249999999998,2.201307656634953,960.5083333333333,1.8187438334335597,49.60791666666667,13.144693014550729
Nizamabad,4,6,27.54375,2.1277206261690496,961.365,1.821517051731248,45.290499999999994,12.666650373349393
Nizamabad,4,7,30.462083333333332,2.121188780315577,962.1375,1.8309690000083607,36.559999999999995,10.991275684672393
Nizamabad,4,8,33.76708333333333,2.206795233609416,962.485,1.8394212644838577,28.400583333333334,9.221751350811324
Nizamabad,4,9,36.114749999999994,2.25570386730501,962.3216666666667,1.8196953911374036,24.0665,7.822638301749609
Nizamabad,4,10,37.852583333333335,2.2800591529380037,961.7008333333334,1.8089644111745438,21.531833333333335,6.955979711981726
Nizamabad,4,11,39.10175,2.3123310885392736,960.7066666666667,1.7881840623651077,19.88025,6.489024406804219
Nizamabad,4,12,39.86,2.352757366770053,959.4908333333333,1.7616834878843837,18.87591666666667,6.276922718699556
Nizamabad,4,13,40.133833333333335,2.4136179417272032,958.3508333333334,1.7581022920944602,18.408,6.363503553781641
Nizamabad,4,14,39.92358333333333,2.4221786137059884,957.5558333333333,1.782915930627675,18.386833333333335,6.591365115788674
Nizamabad,4,15,39.29366666666667,2.3917635044176984,957.2008333333334,1.8126769207576414,18.78875,6.951690509896007
Nizamabad,4,16,38.27033333333333,2.3579142375881044,957.3091666666667,1.8617781251037768,19.766000000000002,7.653158890837387
Nizamabad,4,17,36.35275,2.3093743787026844,957.8316666666667,1.8782695116897834,23.995333333333335,8.916863066503748
Nizamabad,4,18,34.189499999999995,2.36685581956067,958.545,1.8873239246718483,28.892999999999997,11.393708465861407
Nizamabad,4,19,33.298833333333334,2.3321289668899716,959.2741666666666,1.9090010513369435,29.750333333333334,11.31679950995242
Nizamabad,4,20,32.453583333333334,2.2972013648446787,959.855,1.9320755591815193,30.933333333333334,11.21452294705272
Nizamabad,4,21,31.612333333333332,2.250767836615259,960.1633333333334,1.943657357038113,32.46066666666667,11.266608784430236
Nizamabad,4,22,30.790666666666667,2.20420367424043,960.1183333333333,1.9472878503160425,34.319583333333334,11.619002430156767
Nizamabad,4,23,30.00625,2.1716202611929005,959.7608333333334,1.9458335507650075,36.37583333333334,12.08806283757931
Nizamabad,5,0,29.289274193548387,2.6774439252740954,956.8927419354839,2.443380750893353,54.245,21.302046830926646
Nizamabad,5,1,28.63959677419355,2.5839609725442423,956.4943548387097,2.42716008628354,56.71701612903226,20.926533279288492
Nizamabad,5,2,28.020241935483874,2.5133236711475666,956.4048387096774,2.4165370250186506,59.156693548387096,20.542544697213906
Nizamabad,5,3,27.46282258064516,2.4248807063051943,956.6790322580645,2.4310081616229833,61.259838709677425,20.222774048524506
Nizamabad,5,4,26.9625,2.3381824033251797,957.2653225806451,2.4544648003325085,63.22790322580645,19.880364675549465
Nizamabad,5,5,26.767822580645163,2.2607717081195804,958.0338709677419,2.4705710836061257,64.2666129032258,19.24791230943507
Nizamabad,5,6,28.290564516129034,2.262558556909877,958.8951612903226,2.4950309915050797,58.28435483870968,18.09711777985949
Nizamabad,5,7,30.803145161290324,2.4063609360124385,959.5282258064516,2.5156925531089716,48.545564516129026,16.516154117505753
Nizamabad,5,8,33.420967741935485,2.686119823512724,959.8,2.5244495495960058,39.872177419354834,15.50429699475599
Nizamabad,5,9,35.5091935483871,2.9998475833298746,959.6201612903226,2.5043045815532747,34.55540322580645,14.709642951854628
Nizamabad,5,10,37.141854838709676,3.2658238584914274,959.0096774193548,2.4826035165324085,31.135080645161292,13.99058350544078
Nizamabad,5,11,38.34120967741936,3.4846650333571993,958.1064516129032,2.466449406016001,28.858709677419355,13.45774754753703
Nizamabad,5,12,39.11274193548387,3.6528020959769334,957.075,2.4565368246236563,27.427338709677418,13.183033386998494
Nizamabad,5,13,39.4116935483871,3.749858473594779,956.0975806451613,2.442325418270104,26.728870967741937,13.199386547070572
Nizamabad,5,14,39.23483870967742,3.7681427751312624,955.3709677419355,2.4349345726189155,26.69443548387097,13.538107270191741
Nizamabad,5,15,38.722822580645165,3.711076709292089,954.991935483871,2.4227444215990315,27.120080645161288,14.048345474202621
Nizamabad,5,16,37.81298387096775,3.613011711267208,955.0241935483871,2.4138614265579945,28.506693548387098,14.986378407039588
Nizamabad,5,17,36.16887096774193,3.4574809218097973,955.4822580645161,2.40335295551782,34.108629032258065,16.878707196990888
Nizamabad,5,18,33.851209677419355,3.167936568496821,956.1475806451613,2.4107302037752754,43.48411290322581,20.035022790879264
Nizamabad,5,19,32.97717741935484,3.1108419273119203,956.8427419354839,2.4360828675846147,45.01064516129032,20.575835884469196
Nizamabad,5,20,32.19604838709677,3.0304121962103565,957.4016129032258,2.465633178493734,46.55854838709678,20.88469068942036
Nizamabad,5,21,31.416209677419356,2.927757151714907,957.7637096774193,2.4933516371688134,48.36370967741936,21.028484609885666
Nizamabad,5,22,30.65951612903226,2.8303620541304118,957.741935483871,2.4910929711526926,50.31967741935484,21.043233774778383
Nizamabad,5,23,29.935725806451615,2.7427741500217993,957.3782258064516,2.473914658434015,52.40112903225806,20.99830741183863
Nizamabad,6,0,27.195083333333333,2.608360506297457,956.0058333333333,1.613977592616387,72.74541666666667,16.972958220336835
Nizamabad,6,1,26.727500000000003,2.4699451393900715,955.5933333333334,1.6115514385882086,74.54575,16.63793290037795
Nizamabad,6,2,26.313,2.3375472313567323,955.4483333333334,1.6258408727232263,76.20958333333333,16.271456701422725
Nizamabad,6,3,25.951916666666666,2.22041077879987,955.5966666666667,1.6686397284666623,77.70275,15.917825215802582
Nizamabad,6,4,25.650166666666667,2.123237967771657,956.0066666666667,1.7264980504499172,78.99133333333333,15.581134894282814
Nizamabad,6,5,25.587249999999997,2.04690829067161,956.6441666666667,1.7552703750806682,79.24266666666668,15.151677985302758
Nizamabad,6,6,26.6495,2.186103109810397,957.3766666666667,1.7772953360329686,74.18299999999999,14.799433648032648
Nizamabad,6,7,28.454583333333336,2.4980358320503107,957.895,1.7719025524735434,65.59208333333333,14.169678118298615
Nizamabad,6,8,30.359083333333334,2.8238435562141158,958.1166666666667,1.7639400766005824,57.571000000000005,13.624335950204454
Nizamabad,6,9,32.03608333333333,3.091786162345234,957.9758333333334,1.740230634446038,51.67366666666667,13.121182625868775
Nizamabad,6,10,33.3675,3.2940614378457687,957.4725,1.7192905757997434,47.5135,12.706173094440453
Nizamabad,6,11,34.312416666666664,3.4624793166468524,956.6908333333333,1.7079151295178219,44.730583333333335,12.52095985902504
Nizamabad,6,12,34.872166666666665,3.5607666494243406,955.8233333333334,1.7088368117815624,43.062416666666664,12.544643035995888
Nizamabad,6,13,35.03991666666666,3.601005110816042,955.0666666666667,1.7117160946826229,42.41466666666667,12.779650376810055
Nizamabad,6,14,34.84,3.5907680412483365,954.52,1.7069113094966029,42.72325,13.215840518455257
Nizamabad,6,15,34.365750000000006,3.563031629210764,954.2558333333333,1.6910439236816734,43.9125,13.947386264581807
Nizamabad,6,16,33.561166666666665,3.515509737077198,954.3575,1.662116828908621,46.55058333333333,15.080727770138646
Nizamabad,6,17,32.25541666666667,3.4260543726604484,954.8208333333333,1.6267147815127825,52.87325,16.34989400230334
Nizamabad,6,18,30.518416666666667,3.106540943179831,955.4366666666666,1.5923099511063197,62.31733333333333,16.50068558460238
Nizamabad,6,19,29.724,3.0268863553829313,956.0616666666666,1.5726754666011717,65.20649999999999,16.907018762791328
Nizamabad,6,20,29.105916666666666,2.9638708212569016,956.5758333333334,1.5749080716580657,67.16141666666667,17.0041398961089
Nizamabad,6,21,28.541333333333334,2.889164321424183,956.9383333333334,1.5845463435462834,68.95833333333333,17.09389499026993
Nizamabad,6,22,28.025916666666667,2.81102854941074,956.8983333333333,1.5922598143916906,70.55016666666667,17.12272213806458
Nizamabad,6,23,27.533166666666666,2.7023876723469287,956.4983333333333,1.5903058916861272,72.11608333333334,16.94125714858581
Nizamabad,7,0,24.434758064516128,0.960803748655451,954.933870967742,1.9198105892672161,89.84475806451613,6.048446210970847
Nizamabad,7,1,24.144193548387097,0.9081582333870057,954.4548387096773,1.9292087277527126,90.77362903225807,5.284766623775182
Nizamabad,7,2,23.88209677419355,0.8633262147996208,954.2040322580646,1.9224137602549514,91.62427419354839,4.533482871766145
Nizamabad,7,3,23.663629032258065,0.8213090232492277,954.2459677419355,1.9396755739773233,92.37661290322582,3.8474229337378123
Nizamabad,7,4,23.48266129032258,0.7963903411016151,954.5846774193549,1.969855937732744,92.94314516129033,3.3743789231454513
Nizamabad,7,5,23.445806451612906,0.7941555793329673,955.1717741935485,2.0046515210765623,92.90274193548387,3.1583286046796455
Nizamabad,7,6,24.158629032258066,0.8687476592258747,955.8790322580645,2.0448338312256436,89.5441129032258,4.047243167322906
Nizamabad,7,7,25.418790322580644,1.1132561139244377,956.4427419354838,2.061973692872188,83.03774193548388,6.271564792058782
Nizamabad,7,8,26.841370967741934,1.4494267634361202,956.741935483871,2.0546634157208126,75.8591129032258,8.288839691676014
Nizamabad,7,9,28.145241935483874,1.755958248901623,956.6709677419354,2.0212599384513634,69.99556451612904,9.692355490967282
Nizamabad,7,10,29.1891935483871,2.0028774409671892,956.2443548387097,1.9755539480158895,65.88951612903226,10.650113923955637
Nizamabad,7,11,29.949596774193548,2.1933088932313485,955.5217741935484,1.9246184495216767,63.20903225806452,11.339179536095035
Nizamabad,7,12,30.421209677419355,2.323436126807176,954.7298387096774,1.881876759082655,61.64806451612903,11.86040887416916
Nizamabad,7,13,30.591129032258067,2.3835504056052272,954.0306451612903,1.8490682082929215,61.17217741935484,12.26378451651257
Nizamabad,7,14,30.470161290322583,2.387578282501904,953.574193548387,1.8183737471118653,61.76870967741935,12.66134389454139
Nizamabad,7,15,30.05491935483871,2.3467373982207107,953.3927419354839,1.8008657984198124,63.62129032258064,13.151738947603915
Nizamabad,7,16,29.284354838709678,2.2367696807613315,953.5524193548387,1.7995692216992876,67.6608870967742,13.454587092913993
Nizamabad,7,17,28.08266129032258,1.9498780903610016,954.0467741935485,1.7865548207258324,74.88895161290323,12.229322008113423
Nizamabad,7,18,26.808145161290323,1.5755475842192133,954.6467741935484,1.8006970413636703,81.83983870967741,10.131421058109305
Nizamabad,7,19,26.255725806451615,1.4342932161513282,955.2604838709677,1.8421805102264137,83.9132258064516,9.256730142129387
Nizamabad,7,20,25.828629032258064,1.2981114078220557,955.7645161290322,1.8669654326116674,85.38379032258065,8.494266798463705
Nizamabad,7,21,25.43532258064516,1.1746990173123455,956.1040322580644,1.854697362885386,86.76314516129031,7.807716671411256
Nizamabad,7,22,25.08298387096774,1.085628947255855,955.9604838709678,1.8569061842143608,87.89395161290322,7.305114459468272
Nizamabad,7,23,24.74314516129032,1.0208854493566375,955.4749999999999,1.8974790721555748,88.97096774193548,6.761712322141944
Nizamabad,8,0,23.888548387096773,0.6548650870160205,957.0927419354839,1.8010463709806555,94.2267741935484,2.7482214643091645
Nizamabad,8,1,23.61032258064516,0.6535854028629795,956.6104838709678,1.8233721350364231,94.885,2.3026091598639717
Nizamabad,8,2,23.35983870967742,0.6556508389031603,956.3508064516129,1.8162095778095841,95.4241935483871,1.9210363466528426
Nizamabad,8,3,23.148790322580645,0.6532776557600452,956.4137096774194,1.8183944797908178,95.83967741935483,1.6017266778012627
Nizamabad,8,4,22.96725806451613,0.6635471797020404,956.7685483870968,1.809521651541035,96.18991935483871,1.3132151917279027
Nizamabad,8,5,22.869112903225805,0.6895645050765159,957.2983870967741,1.8319647754169273,96.30620967741935,1.0335459467148171
Nizamabad,8,6,23.413870967741936,0.7492768434252879,957.9822580645161,1.8810587049746372,94.17016129032258,1.5436052108439713
Nizamabad,8,7,24.463387096774195,0.8457044853730662,958.6072580645161,1.9398756722837547,89.49741935483871,3.201308134799162
Nizamabad,8,8,25.77991935483871,1.0326991203241531,958.9467741935483,1.935985095516043,83.25120967741935,4.768684363354735
Nizamabad,8,9,26.97741935483871,1.1706324265098444,958.941935483871,1.8814929539174354,77.91048387096774,5.590905776906088
Nizamabad,8,10,27.926532258064515,1.2979972342378696,958.558870967742,1.8479173993775904,74.10282258064517,6.136067377610468
Nizamabad,8,11,28.614274193548386,1.409419054273116,957.8661290322581,1.8064872753214083,71.57806451612903,6.54227635943969
Nizamabad,8,12,29.026774193548388,1.4872709488947098,957.0564516129032,1.7860908823227093,70.19153225806451,6.92739959239917
Nizamabad,8,13,29.18564516129032,1.540181724013283,956.3104838709677,1.7824719543461456,69.8441935483871,7.316271774454646
Nizamabad,8,14,29.075483870967744,1.5443526045619926,955.7943548387096,1.7952195970190086,70.71306451612904,7.673665046627746
Nizamabad,8,15,28.744274193548385,1.5038601676623597,955.5790322580646,1.8300239544191579,72.85129032258064,7.928135446299145
Nizamabad,8,16,28.120806451612903,1.39925276038238,955.6709677419354,1.879576764050619,77.04854838709677,7.53651487176094
Nizamabad,8,17,27.086532258064516,1.1978008604897477,956.0717741935483,1.9126264444674552,83.93483870967742,5.8302629992514605
Nizamabad,8,18,25.989274193548386,0.9846109985753793,956.6604838709677,1.8692556906791205,88.90629032258065,4.586022856310775
Nizamabad,8,19,25.558548387096774,0.9369034739987249,957.3104838709677,1.7873456974001296,89.61112903225806,5.113344284500437
Nizamabad,8,20,25.198548387096775,0.8910774455117889,957.9104838709677,1.716435072311634,90.56048387096774,4.957424563273829
Nizamabad,8,21,24.836290322580645,0.8048122214377115,958.2435483870968,1.684131675880537,91.68475806451613,4.496363203169035
Nizamabad,8,22,24.49266129032258,0.7266418011009727,958.1129032258065,1.6779763141605497,92.70862903225807,3.833516150043743
Nizamabad,8,23,24.173467741935486,0.6713413879045127,957.691935483871,1.7105410532901977,93.5425806451613,3.257366353751022
Nizamabad,9,0,23.618969072164948,0.7589445584385639,957.4247422680412,1.6504438120191727,95.32103092783504,2.355589312560694
Nizamabad,9,1,23.388969072164947,0.7664820672723998,956.9319587628866,1.6671799037941635,95.75989690721649,2.14609067785928
Nizamabad,9,2,23.170721649484534,0.7818677523280924,956.6402061855671,1.688543491803308,96.18845360824743,1.7619794386133463
Nizamabad,9,3,22.97752577319588,0.8101954894342824,956.6907216494845,1.707342139739613,96.54257731958762,1.4841020562044347
Nizamabad,9,4,22.82175257731959,0.8429375845681959,957.0618556701031,1.7173406827472113,96.77680412371134,1.34840766152135
Nizamabad,9,5,22.688556701030926,0.8632593151475412,957.6463917525773,1.7087435598311984,96.9682474226804,1.0994127317850095
Nizamabad,9,6,23.16701030927835,0.7847480553077384,958.3505154639175,1.731697367670202,95.55350515463918,1.0897878628020494
Nizamabad,9,7,24.124226804123712,0.8075010772071594,959.0721649484536,1.7623222290986653,92.23680412371134,2.8561456204092304
Nizamabad,9,8,25.334845360824744,1.1456913064118244,959.4463917525774,1.7924646588606754,87.17762886597937,5.144112891855905
Nizamabad,9,9,26.43061855670103,1.407889832362153,959.3835051546391,1.77638915197205,82.41154639175258,6.516877661791952
Nizamabad,9,10,27.311030927835052,1.5842206841588824,958.9989690721649,1.7102323700158788,78.86546391752577,7.320291009216908
Nizamabad,9,11,27.935567010309278,1.7055259263837093,958.2845360824742,1.6639774266163117,76.57721649484536,7.851004943937109
Nizamabad,9,12,28.305360824742266,1.7854825805738488,957.401030927835,1.6403438946706868,75.24185567010309,8.243405107758484
Nizamabad,9,13,28.418247422680412,1.8175590375035937,956.6237113402062,1.64650976790523,74.90711340206185,8.522335233417888
Nizamabad,9,14,28.285154639175257,1.801303991442762,956.1288659793814,1.6589378355647073,75.76711340206185,8.74857880824591
Nizamabad,9,15,27.930515463917526,1.7186521918437154,956.0381443298969,1.659596041396359,78.19309278350516,8.676906053910281
Nizamabad,9,16,27.328659793814435,1.583895270150184,956.2824742268041,1.656553293568634,82.0458762886598,7.818149924025253
Nizamabad,9,17,26.24649484536082,1.310791778243461,956.7536082474228,1.6403799010995241,88.20350515463917,5.935507567673607
Nizamabad,9,18,25.400309278350516,1.175727127504726,957.3525773195876,1.6243647978713345,90.87948453608247,5.457167948963626
Nizamabad,9,19,25.078041237113403,1.1079980437475767,957.9453608247422,1.6361171399178178,91.53659793814433,5.373078316670902
Nizamabad,9,20,24.753917525773197,0.9998047274978982,958.4752577319588,1.6515794793567327,92.34103092783505,4.83449464881803
Nizamabad,9,21,24.442886597938145,0.8981856234038416,958.639175257732,1.6508556304882582,93.22103092783506,3.9402742831073114
Nizamabad,9,22,24.145154639175257,0.836697517777062,958.4453608247422,1.6506324935811854,94.0318556701031,3.295916137780996
Nizamabad,9,23,23.869690721649487,0.7962234475010854,958.0123711340206,1.6431206166391956,94.73072164948452,2.7503148484244337
Nizamabad,10,0,21.849569892473117,2.032720341539821,961.9516129032259,2.198250930370558,93.15978494623657,4.794005763200217
Nizamabad,10,1,21.545591397849464,2.033525244049375,961.4430107526881,2.2166562092221254,93.86784946236558,4.814830993797311
Nizamabad,10,2,21.2794623655914,2.037148137444684,961.1827956989247,2.2284535316200524,94.48107526881721,5.0034830178077305
Nizamabad,10,3,21.03989247311828,2.0653757920110665,961.252688172043,2.2073292635656383,95.03569892473118,5.179774713467893
Nizamabad,10,4,20.825806451612902,2.102152790221535,961.6774193548387,2.1856313898344806,95.44752688172044,5.218931186579084
Nizamabad,10,5,20.63817204301075,2.13230990601668,962.4322580645161,2.1592652378670656,95.8183870967742,5.207860340561013
Nizamabad,10,6,21.266236559139784,2.0422882062394008,963.236559139785,2.161108056481866,94.53301075268817,3.872056184730438
Nizamabad,10,7,22.822580645161292,1.6974801677946338,963.9301075268817,2.1604541061624425,88.82043010752687,5.174747822878725
Nizamabad,10,8,24.91483870967742,1.3773790587665955,964.332258064516,2.1663514353341657,80.52301075268818,6.863559221327198
Nizamabad,10,9,26.807311827956987,1.0784269338747083,964.2935483870968,2.1932111880911296,72.28494623655914,9.71500784573693
Nizamabad,10,10,27.933763440860215,0.978524748057983,963.6967741935484,2.1810174935457725,68.21795698924731,9.55409319965507
Nizamabad,10,11,28.647311827956987,0.9212080204404398,962.7053763440861,2.1387402626718264,65.74096774193548,9.391830060184386
Nizamabad,10,12,29.040430107526884,0.8958320324636939,961.694623655914,2.1241553611094077,64.26376344086022,9.326758129398499
Nizamabad,10,13,29.12247311827957,0.8800390998156253,960.8784946236559,2.0834675038609363,63.772688172043004,9.369701069402764
Nizamabad,10,14,28.895806451612902,0.8831555608954367,960.389247311828,2.0608916583126184,64.53075268817204,9.57310399397585
Nizamabad,10,15,28.363763440860215,0.9008014716115851,960.341935483871,2.0473908412078776,67.2294623655914,9.731804802183783
Nizamabad,10,16,27.331182795698926,0.9930485007884469,960.6569892473119,2.0287283364035527,73.38408602150538,8.829413077711772
Nizamabad,10,17,25.286344086021508,1.3235285389296976,961.1817204301075,2.020489944702289,84.45806451612904,5.95073419987245
Nizamabad,10,18,24.211290322580645,1.4936927000517677,961.8559139784946,2.031676453058227,87.22623655913978,5.818233878521081
Nizamabad,10,19,23.719462365591397,1.6287741226425463,962.5956989247311,2.065972451229173,88.43225806451613,5.4944650269774975
Nizamabad,10,20,23.271290322580647,1.7414244705228432,963.1096774193549,2.074695604500224,89.59086021505377,5.132638878850012
Nizamabad,10,21,22.844731182795698,1.8380049388433959,963.2118279569892,2.1023718211647067,90.67043010752688,4.6752683982425385
Nizamabad,10,22,22.44860215053763,1.920566374455977,962.9903225806452,2.1113597780107893,91.6010752688172,4.50709861903024
Nizamabad,10,23,22.085376344086022,1.9814101034692362,962.6096774193549,2.1148062156125906,92.42849462365592,4.6026339213061105
Nizamabad,11,0,17.818333333333335,2.850119749110493,964.9733333333334,1.341372766562819,89.86166666666666,5.0188443206187126
Nizamabad,11,1,17.41488888888889,2.867457176955381,964.5333333333333,1.3285964546565388,91.35411111111112,5.15255012556932
Nizamabad,11,2,17.033444444444445,2.91116493193427,964.291111111111,1.318208219085252,92.91544444444443,5.240148201247381
Nizamabad,11,3,16.66911111111111,2.9786595448531585,964.3188888888889,1.3150720443753607,94.41166666666666,5.266864672947852
Nizamabad,11,4,16.352777777777778,3.0632680748470285,964.6588888888889,1.3117356581848967,95.54011111111112,5.288670845624477
Nizamabad,11,5,16.077555555555556,3.1456870102637047,965.3366666666667,1.3113549044378279,96.28144444444445,5.133136142182697
Nizamabad,11,6,16.421111111111113,3.191564529320848,966.1377777777777,1.3059567742194815,95.59944444444446,4.518175121601995
Nizamabad,11,7,18.602,2.787687294055453,966.8577777777778,1.3146518980261785,86.31877777777777,4.797395320397807
Nizamabad,11,8,21.278888888888886,2.7216635876141675,967.3366666666667,1.337400631612782,75.47988888888888,5.850736915929962
Nizamabad,11,9,24.41977777777778,2.2397050256111477,967.3688888888888,1.3472939540989644,61.32033333333333,7.55228910160074
Nizamabad,11,10,26.126222222222225,2.1112952400154414,966.7155555555555,1.3542202956825156,55.349222222222224,7.777008209564619
Nizamabad,11,11,27.182777777777776,2.1051147065161326,965.6422222222222,1.3597734260850676,52.29144444444444,7.759925512371435
Nizamabad,11,12,27.834666666666667,2.10328913098968,964.5266666666666,1.3791220134889657,50.40522222222223,7.841513014371451
Nizamabad,11,13,28.065333333333335,2.0917527728967764,963.6166666666667,1.3893859285406778,49.66844444444444,8.123972005648728
Nizamabad,11,14,27.853,2.0801941622860527,963.0966666666666,1.4100322731186214,50.20366666666666,8.637823858544232
Nizamabad,11,15,27.150444444444442,2.0732273658144833,963.0288888888889,1.4116087280117329,52.83855555555556,9.01729705647674
Nizamabad,11,16,25.370222222222225,2.2464248639034308,963.3555555555556,1.4130301420252598,64.85422222222222,7.946347896605241
Nizamabad,11,17,22.43011111111111,2.5586287121018576,963.93,1.399875596399018,76.45644444444444,6.505835981849031
Nizamabad,11,18,21.297777777777778,2.634261629391601,964.6755555555555,1.3947180546386504,78.56099999999999,6.583379489716357
Nizamabad,11,19,20.535666666666668,2.6854849330880057,965.43,1.3714136067937264,80.68377777777778,6.32743279638424
Nizamabad,11,20,19.854222222222223,2.7323163724303905,965.8933333333333,1.3506386337955592,82.74622222222222,5.873286042653341
Nizamabad,11,21,19.238333333333333,2.763097207804185,965.9955555555556,1.3511469211365708,84.68233333333333,5.387012482178425
Nizamabad,11,22,18.67666666666667,2.783974605980015,965.7744444444444,1.352364646583266,86.50144444444445,5.108108900740359
Nizamabad,11,23,18.174,2.7938523200979803,965.3922222222222,1.359132884324942,88.19088888888889,5.1033889697219585
Nizamabad,12,0,16.176236559139785,3.0607287829146124,965.3698924731182,1.9024460768360492,80.31311827956989,10.225588744450882
Nizamabad,12,1,15.7,3.082656604153378,964.9236559139785,1.906476253826597,82.28838709677419,10.176309368836346
Nizamabad,12,2,15.290430107526882,3.1098979131778632,964.6301075268818,1.9115089046771656,84.17612903225806,10.115444823791469
Nizamabad,12,3,14.906344086021505,3.160611107993214,964.6354838709678,1.9354049773542272,86.08645161290323,9.919566593482026
Nizamabad,12,4,14.546451612903224,3.246215068674558,965.0021505376344,1.9575371890866367,87.93333333333334,9.477657862084104
Nizamabad,12,5,14.209999999999999,3.3651061098329107,965.6752688172044,1.9928489500765918,89.77505376344087,8.971811123403938
Nizamabad,12,6,14.28774193548387,3.4708049840097113,966.4978494623656,2.0294022730320838,90.14150537634409,8.281653629538287
Nizamabad,12,7,16.599569892473117,3.019074114467693,967.3172043010753,2.0734671475948043,79.97150537634408,8.591014130832658
Nizamabad,12,8,19.350860215053764,2.9763833670478483,967.9247311827957,2.0821527276594454,68.42817204301075,9.417998950464428
Nizamabad,12,9,23.233010752688173,2.3555816160522074,967.9483870967741,2.0680074900642937,52.12494623655914,11.493699656357666
Nizamabad,12,10,25.619354838709675,2.0614071842415416,967.3096774193549,2.0276386199398138,43.97462365591398,11.533564869840792
Nizamabad,12,11,27.00483870967742,2.003096848525359,966.2258064516129,2.014885001886581,40.331935483870964,11.141491417031766
Nizamabad,12,12,27.866989247311828,1.9747948627346346,964.9763440860215,2.0017056775281272,38.156236559139785,11.028295614501035
Nizamabad,12,13,28.251720430107525,1.9525549725913254,963.9290322580645,1.995951371998551,37.06354838709677,11.063443882126368
Nizamabad,12,14,28.0905376344086,1.948837092256617,963.3709677419355,1.9946439502022533,37.12086021505377,11.295226353748811
Nizamabad,12,15,27.29795698924731,2.006512526716216,963.2989247311829,1.998069428204388,39.41440860215054,11.570533738991587
Nizamabad,12,16,24.887204301075272,2.287416126089513,963.6569892473119,1.9868260601676315,53.83870967741935,10.20954202288088
Nizamabad,12,17,21.528494623655916,2.650642639976594,964.2795698924731,1.9754228573069255,63.6505376344086,11.042780975113521
Nizamabad,12,18,20.31505376344086,2.7843450653125346,965.1225806451612,1.9469669294581606,66.02483870967743,11.115869248893011
Nizamabad,12,19,19.421397849462366,2.871504147351385,965.8537634408601,1.9327024973935656,68.38150537634408,11.143613002643631
Nizamabad,12,20,18.59505376344086,2.9069009434282687,966.3064516129032,1.9105431990844801,70.94516129032257,10.961542022284616
Nizamabad,12,21,17.857526881720432,2.9330095301858154,966.4182795698924,1.8957014439171245,73.42784946236559,10.575852915492703
Nizamabad,12,22,17.21311827956989,2.9646346569014796,966.1967741935484,1.8830162905909935,75.70462365591398,10.216417048186598
Nizamabad,12,23,16.648924731182795,2.995604919082214,965.821505376344,1.878705003937175,77.76698924731183,10.059533849618592
Sangareddy,1,0,17.01685483870968,1.9082130435062237,950.1645161290322,1.652944824618678,72.53217741935484,12.121630237329587
Sangareddy,1,1,16.453306451612903,1.8563298530191423,949.667741935484,1.65084597121178,76.16991935483871,12.797215239247258
Sangareddy,1,2,15.953790322580645,1.844732599099935,949.3443548387097,1.6603605455919979,79.79354838709678,13.78082621058767
Sangareddy,1,3,15.560241935483871,1.8759957632129582,949.3346774193549,1.6631366366992866,82.81693548387096,14.569838662884038
Sangareddy,1,4,15.239032258064517,1.9224812132270945,949.667741935484,1.6631612756423555,85.12048387096775,15.018595295233649
Sangareddy,1,5,14.988951612903227,1.9872339801715846,950.358870967742,1.6475659354546548,86.71604838709676,15.042869300041382
Sangareddy,1,6,15.3675,1.9872846306586371,951.2249999999999,1.6253392391363886,85.92637096774195,14.493790503033253
Sangareddy,1,7,18.165564516129034,1.5853810305614224,952.1016129032258,1.6274566856208303,73.1350806451613,14.095113983392457
Sangareddy,1,8,21.56201612903226,1.8449500311997382,952.7677419354839,1.6184177954111358,57.63612903225807,12.200852476525853
Sangareddy,1,9,25.102096774193548,1.8867954827724833,952.8548387096774,1.5950306385776865,43.24,11.503224715782466
Sangareddy,1,10,27.191290322580645,1.9496336815574615,952.2435483870968,1.6019927598206163,36.5116129032258,10.338022438866096
Sangareddy,1,11,28.528870967741934,2.0569059603095083,951.1572580645161,1.6340469680632685,33.01879032258064,9.67665454794325
Sangareddy,1,12,29.33467741935484,2.157363429806498,949.8879032258066,1.6699930744189981,31.008387096774193,9.384932170715881
Sangareddy,1,13,29.63967741935484,2.232547830124794,948.8032258064517,1.707464981791378,30.0575,9.300672029657427
Sangareddy,1,14,29.405564516129033,2.282858464329656,948.2104838709678,1.7436443728365785,30.130564516129034,9.445451204639113
Sangareddy,1,15,28.568870967741937,2.314844007695395,948.1508064516129,1.7749153635033101,31.55838709677419,9.962787377874866
Sangareddy,1,16,26.528709677419354,2.4789740100835713,948.5266129032258,1.7819834053851307,40.98298387096774,12.371775705756994
Sangareddy,1,17,22.853709677419356,2.4782715809306852,949.1709677419354,1.767170085977036,53.16790322580645,13.65408139192181
Sangareddy,1,18,21.534112903225807,2.458347323789908,950.0419354838709,1.7496153711669278,55.53032258064516,13.482639119203377
Sangareddy,1,19,20.657096774193548,2.41398862802824,950.8201612903225,1.7098461794892181,57.71032258064516,13.263754139716083
Sangareddy,1,20,19.850161290322582,2.3421048777385653,951.2435483870968,1.6865436795427193,60.14338709677419,12.985691618403983
Sangareddy,1,21,19.09048387096774,2.244045365264203,951.2798387096774,1.6828634056472433,62.70596774193548,12.633575340541169
Sangareddy,1,22,18.374032258064517,2.122695371744938,950.9943548387097,1.6703196918751146,65.44370967741936,12.313825362960895
Sangareddy,1,23,17.710806451612903,2.0134590213180754,950.5999999999999,1.6520989359928933,68.47193548387096,12.120899821531765
Sangareddy,2,0,19.933539823008847,1.8245502970174308,949.4008849557522,1.8288118496142833,49.999380530973454,16.512589206160346
Sangareddy,2,1,19.282566371681416,1.7582320558087088,948.8814159292036,1.8298882027016825,53.4212389380531,17.54699756229901
Sangareddy,2,2,18.686371681415928,1.716143965586648,948.5823008849558,1.8337719756446973,56.935663716814155,18.68286666766153
Sangareddy,2,3,18.15221238938053,1.6940371973237665,948.6,1.8236051420978483,60.311415929203534,19.73954383551926
Sangareddy,2,4,17.693185840707965,1.6980830923041292,949.0318584070797,1.8038285418364786,63.32814159292035,20.663649654676227
Sangareddy,2,5,17.30141592920354,1.7251143167382912,949.8345132743364,1.7885933175615785,65.93946902654866,21.489695198293298
Sangareddy,2,6,18.15814159292035,1.6819209620637898,950.758407079646,1.769065818029631,63.87893805309734,21.12674884404467
Sangareddy,2,7,21.511061946902654,1.5219215783906785,951.6203539823009,1.7710549364329182,52.16433628318584,18.49494095287113
Sangareddy,2,8,26.00920353982301,1.8434653613666807,952.2168141592921,1.782649645835624,36.786902654867255,14.005568094233983
Sangareddy,2,9,29.498495575221238,1.9439830343721285,952.3256637168142,1.7952207763682055,27.33690265486726,11.127290701536955
Sangareddy,2,10,31.452035398230088,1.969419402882501,951.6619469026549,1.786023045367596,23.50221238938053,9.418460381319656
Sangareddy,2,11,32.78530973451327,2.022909004554574,950.4938053097345,1.7767990473360444,21.249734513274333,8.456603132229297
Sangareddy,2,12,33.60752212389381,2.0691296181579086,949.2212389380531,1.7687995993769448,19.847610619469027,7.913560612095848
Sangareddy,2,13,33.90929203539823,2.1063834598727027,948.0725663716814,1.7659602703229285,19.12911504424779,7.665611353580787
Sangareddy,2,14,33.644336283185844,2.126267217158054,947.3592920353983,1.7623866310115288,19.06566371681416,7.677081485558421
Sangareddy,2,15,32.825486725663716,2.123189140668903,947.2504424778762,1.7667627727915918,19.682123893805308,7.97511312630551
Sangareddy,2,16,31.239557522123896,2.2176110816840895,947.5823008849558,1.7759921818770705,22.40424778761062,9.778610659907322
Sangareddy,2,17,27.16787610619469,2.3222093280074247,948.229203539823,1.7829390571233212,31.196902654867255,14.153771397937803
Sangareddy,2,18,25.269734513274337,2.2884033970126207,949.0831858407079,1.7884002555589376,34.05566371681416,14.464596796767161
Sangareddy,2,19,24.26699115044248,2.257037361610723,949.9601769911504,1.7945622139738777,36.00592920353982,14.622450305045138
Sangareddy,2,20,23.315840707964604,2.215645151797824,950.458407079646,1.8119999637198787,38.2158407079646,14.697758619554389
Sangareddy,2,21,22.410530973451326,2.1662532832008603,950.529203539823,1.8391419493849523,40.66212389380531,14.743578835458178
Sangareddy,2,22,21.565840707964604,2.0859289321819623,950.3141592920354,1.8538505900190214,43.395486725663716,14.967983867429366
Sangareddy,2,23,20.7970796460177,2.0004859594501054,949.9150442477876,1.8734146268501366,46.325575221238935,15.40973277429219
Sangareddy,3,0,23.91322580645161,2.0492558825520417,947.3370967741936,2.0511930988499345,45.443306451612905,13.85153472297372
Sangareddy,3,1,23.17298387096774,1.9998845413172053,946.8435483870968,2.0793307997707378,48.9666129032258,14.824367650567146
Sangareddy,3,2,22.532177419354838,1.9983161856979876,946.5717741935483,2.084575973488987,52.421129032258065,15.814866485903542
Sangareddy,3,3,21.975887096774194,2.0195399186656826,946.6596774193548,2.0588069540287925,55.56161290322581,16.681392846405007
Sangareddy,3,4,21.503145161290323,2.031159453790953,947.133064516129,2.033328872747012,58.24370967741935,17.543256526114067
Sangareddy,3,5,21.09161290322581,2.0308123998561247,947.9024193548387,2.0239807716911145,60.45604838709678,18.212234912771276
Sangareddy,3,6,22.38983870967742,1.8764561755212883,948.7806451612903,2.032567258833971,56.58064516129032,17.400327617789237
Sangareddy,3,7,25.49217741935484,1.743243197696535,949.5959677419354,2.040819188046956,45.20975806451613,14.560685036133401
Sangareddy,3,8,29.695725806451613,1.9644872201233072,950.1120967741934,2.0500086353947284,31.60274193548387,11.562400961647276
Sangareddy,3,9,32.57088709677419,2.1292026875594106,950.0556451612903,2.0566885697805546,24.954758064516128,9.742178055975199
Sangareddy,3,10,34.39604838709677,2.166318227847956,949.425806451613,2.0280099969182586,21.85483870967742,8.527326660435492
Sangareddy,3,11,35.638225806451615,2.168847450990978,948.3346774193549,1.9782987005895183,20.02274193548387,7.658996658769352
Sangareddy,3,12,36.38709677419355,2.175130226619486,947.0572580645162,1.9425560810394245,18.91975806451613,7.12680562928278
Sangareddy,3,13,36.64048387096774,2.2094828349891587,945.9080645161291,1.9231409257239322,18.409193548387094,6.950728755940432
Sangareddy,3,14,36.38741935483871,2.1750895209939807,945.1524193548387,1.8991852643278215,18.406774193548387,6.858659063090895
Sangareddy,3,15,35.633629032258064,2.1355193327651447,944.917741935484,1.9121795501595567,18.932419354838707,6.952881881411339
Sangareddy,3,16,34.36330645161291,2.102708173147531,945.1733870967741,1.936727139154999,20.304112903225807,7.525757289728205
Sangareddy,3,17,31.405161290322578,2.2693695567615357,945.7637096774193,1.9589002505105917,27.188709677419357,10.751531179872732
Sangareddy,3,18,29.259838709677418,2.3699651755086037,946.5685483870968,1.9727149768158998,31.41,12.273543163594521
Sangareddy,3,19,28.376048387096777,2.4183622821490083,947.4088709677419,1.995564679412651,32.86766129032258,12.383345365992538
Sangareddy,3,20,27.49104838709677,2.4319926650471024,948.0370967741936,1.988604435355314,34.56548387096774,12.4973261110754
Sangareddy,3,21,26.58677419354839,2.382333879376387,948.2435483870968,1.972132762211052,36.60040322580645,12.577609955544442
Sangareddy,3,22,25.69475806451613,2.2841203190830957,948.1209677419355,1.9688746401292998,39.00411290322581,12.689931096707415
Sangareddy,3,23,24.83435483870968,2.174822763336732,947.7572580645161,1.9878154609633867,41.902903225806455,13.107262293709056
Sangareddy,4,0,27.594083333333334,2.1487989593694214,944.9449999999999,1.7235321364019012,44.374583333333334,12.354777451469939
Sangareddy,4,1,26.796833333333332,2.134444600710311,944.4941666666667,1.7163717758193024,47.54774999999999,12.946981443888891
Sangareddy,4,2,26.105,2.1317472219959344,944.2666666666667,1.7170099735586282,50.589333333333336,13.673465976873903
Sangareddy,4,3,25.53033333333333,2.124994486728717,944.4341666666667,1.6889405875053771,53.321583333333336,14.22931664184326
Sangareddy,4,4,25.052583333333335,2.105578622976357,944.9858333333334,1.664573826061492,55.63183333333333,14.541696870418818
Sangareddy,4,5,24.71691666666667,2.1128720331083284,945.7341666666667,1.6492165613122045,57.45975,14.757953643215384
Sangareddy,4,6,26.31475,1.991535433366162,946.5591666666667,1.6546596204004538,52.365916666666664,13.717878752634782
Sangareddy,4,7,29.286583333333333,1.9609333636976936,947.3233333333334,1.6689317940926651,41.615249999999996,11.100808204546084
Sangareddy,4,8,32.653749999999995,1.9981500109817933,947.6841666666667,1.6742235543092037,31.45175,9.12341697216011
Sangareddy,4,9,35.05491666666667,2.033614158983717,947.5316666666666,1.6579821355806639,26.194000000000003,7.771520881186815
Sangareddy,4,10,36.797333333333334,2.0825859544573633,946.94,1.6520117605946725,23.212,7.006285245490402
Sangareddy,4,11,38.01925000000001,2.155443826276918,945.9833333333333,1.6223923270112621,21.3835,6.695099505978829
Sangareddy,4,12,38.73791666666667,2.2438307189978066,944.8050000000001,1.5867545229071802,20.314,6.694598525062178
Sangareddy,4,13,38.97633333333333,2.3201093618578397,943.7033333333333,1.574584556830985,19.811666666666667,6.830544023184465
Sangareddy,4,14,38.740249999999996,2.339519976082147,942.955,1.591144083921447,19.802416666666666,6.968033251065553
Sangareddy,4,15,38.093833333333336,2.306464857754398,942.6458333333334,1.6326961685235235,20.244833333333336,7.124291146614985
Sangareddy,4,16,37.035583333333335,2.254810281323442,942.7958333333333,1.682904443795533,21.4175,7.637259534235912
Sangareddy,4,17,35.09425,2.3023830046280342,943.3466666666667,1.7115491696776517,26.770083333333332,9.617512781059224
Sangareddy,4,18,32.853833333333334,2.370952431866499,944.0883333333334,1.7384037560496373,32.48441666666667,12.421800286026919
Sangareddy,4,19,31.96825,2.3923258478277756,944.8383333333334,1.7373883294425458,33.605666666666664,12.307332632484211
Sangareddy,4,20,31.1445,2.414677057935004,945.41,1.7585995191935,34.9135,12.264951064796337
Sangareddy,4,21,30.301666666666666,2.38721958917624,945.7508333333334,1.7508219358290564,36.56791666666666,12.249627941242927
Sangareddy,4,22,29.422833333333337,2.332741447538586,945.7033333333333,1.7466382275786605,38.71216666666667,12.337989783784147
Sangareddy,4,23,28.52975,2.2759437833659284,945.3341666666668,1.746520951541597,41.38925,12.64573885534092
Sangareddy,5,0,27.760725806451614,2.46283634932495,942.5943548387097,2.295818128945747,60.60209677419355,19.99326802450019
Sangareddy,5,1,27.14758064516129,2.2900141551618964,942.1524193548387,2.2836450576963565,63.69532258064516,19.2637629582003
Sangareddy,5,2,26.572580645161292,2.1410812825495737,942.0112903225806,2.281570193786231,66.57217741935484,18.45378382599953
Sangareddy,5,3,26.059032258064516,2.0518111845787232,942.2346774193549,2.304257083769978,68.87435483870968,17.862294767949912
Sangareddy,5,4,25.614112903225806,1.9769846515217266,942.7491935483871,2.3478582514152437,70.74677419354839,17.548155928798973
Sangareddy,5,5,25.431451612903224,1.8747854917072728,943.4483870967742,2.3911246417094563,71.54298387096775,17.080389505461355
Sangareddy,5,6,26.886612903225807,1.9127190398384728,944.2516129032258,2.4053289033915024,64.95943548387098,16.240500077527216
Sangareddy,5,7,29.43233870967742,2.180873290016471,944.8741935483871,2.4268106463945323,53.8458064516129,15.337727866027475
Sangareddy,5,8,32.05298387096774,2.5368641355055193,945.1548387096774,2.429070377861414,44.09887096774194,14.686714211309445
Sangareddy,5,9,34.12185483870967,2.856480683893394,945.0016129032258,2.4018280257332973,37.97741935483871,14.076988422323293
Sangareddy,5,10,35.7566935483871,3.160816690228388,944.4346774193548,2.390361552230229,33.92306451612903,13.642386374074869
Sangareddy,5,11,36.97508064516129,3.4271760628542554,943.5725806451613,2.3684010149100696,31.196290322580648,13.40057239814607
Sangareddy,5,12,37.7575,3.6080439997407243,942.5766129032259,2.3489526768766167,29.446048387096774,13.251696428817784
Sangareddy,5,13,38.05620967741935,3.686171387821434,941.6403225806451,2.3411802789080207,28.54048387096774,13.236157908801538
Sangareddy,5,14,37.84459677419355,3.692221751480176,940.9701612903226,2.3438547861007324,28.477903225806454,13.561864830531807
Sangareddy,5,15,37.22338709677419,3.6422975611191593,940.6379032258066,2.314239861574297,29.176935483870967,14.246445580235113
Sangareddy,5,16,36.22516129032258,3.55076551550953,940.7508064516129,2.2848207475450835,31.010080645161292,15.41409330292142
Sangareddy,5,17,34.55733870967742,3.389702509639337,941.2637096774193,2.2621068917768947,37.045241935483865,17.346828367529778
Sangareddy,5,18,32.31153225806452,3.1255870458307147,941.9508064516128,2.262759519958171,47.0291129032258,20.369252534154445
Sangareddy,5,19,31.420241935483872,3.0448302083863275,942.6564516129032,2.263576633671014,48.997822580645156,20.75249741305454
Sangareddy,5,20,30.62758064516129,2.9364159811889237,943.1943548387097,2.273041099616578,50.75467741935484,20.65549520125133
Sangareddy,5,21,29.85491935483871,2.8263241363164235,943.5435483870967,2.286305712420746,52.89,20.541498310627894
Sangareddy,5,22,29.107177419354837,2.705754349975769,943.5153225806451,2.3045040506551557,55.35362903225807,20.41158838458167
Sangareddy,5,23,28.386612903225807,2.562945106961046,943.125,2.311358485562207,58.145322580645164,20.023077678830848
Sangareddy,6,0,25.587083333333332,2.168207793320097,941.8316666666667,1.5866026986140382,76.88433333333334,14.3282765465885
Sangareddy,6,1,25.12025,2.0449706547996236,941.3641666666666,1.6057038998537787,78.76133333333334,14.102018863354596
Sangareddy,6,2,24.711916666666664,1.9401374359328618,941.1466666666668,1.6140628486994235,80.59616666666668,13.834464768619467
Sangareddy,6,3,24.381833333333336,1.8452018100706344,941.23,1.6563399967621295,82.20433333333334,13.490454996863853
Sangareddy,6,4,24.123583333333332,1.753174693406862,941.5741666666667,1.691724585394817,83.5655,13.029795966981856
Sangareddy,6,5,24.083000000000002,1.690835704068042,942.1766666666666,1.7186927479642014,83.86333333333333,12.595863021885652
Sangareddy,6,6,25.1385,1.8179061045725142,942.8958333333334,1.740877583836562,78.54899999999999,12.352897962309367
Sangareddy,6,7,27.008666666666667,2.1333809255895857,943.4141666666667,1.7374905033696366,68.89341666666665,12.166328343882078
Sangareddy,6,8,28.967,2.4509859446435662,943.6733333333334,1.7186927479641894,59.95908333333333,11.944082392326248
Sangareddy,6,9,30.669083333333333,2.722320437499185,943.5699999999999,1.7101574943443396,53.55333333333333,11.733868263525473
Sangareddy,6,10,32.01825,2.935518410832432,943.1166666666667,1.697221324426957,49.13975,11.593864101796447
Sangareddy,6,11,32.976166666666664,3.0964070214648847,942.39,1.7028103315431473,46.18933333333334,11.522133886555908
Sangareddy,6,12,33.5065,3.2046189484932612,941.5716666666667,1.7094980998823517,44.491083333333336,11.6010678873736
Sangareddy,6,13,33.63933333333333,3.250255512472601,940.8483333333334,1.7112079046676603,43.85991666666666,11.863945557641346
Sangareddy,6,14,33.399166666666666,3.2459333531872336,940.3449999999999,1.6824277176776694,44.281333333333336,12.32020366614733
Sangareddy,6,15,32.844500000000004,3.2360059026028796,940.1333333333333,1.6404207972824911,45.74733333333334,13.041470552574559
Sangareddy,6,16,31.990416666666665,3.219810369653252,940.285,1.5891782137186323,48.60175,14.075769672374857
Sangareddy,6,17,30.661333333333335,3.08101394783904,940.7824999999999,1.5290279495772008,55.145250000000004,14.768803821688797
Sangareddy,6,18,28.942333333333334,2.7125964284709747,941.3925,1.4982994562183687,64.90066666666667,14.37271947468673
Sangareddy,6,19,28.167583333333333,2.643514974719953,942.0208333333334,1.4899041666396695,67.98758333333333,14.755529998587493
Sangareddy,6,20,27.573500000000003,2.5994688048189567,942.52,1.4863298660083175,70.09875000000001,15.004042680014534
Sangareddy,6,21,27.035083333333333,2.5412998711317014,942.8508333333334,1.5090759504046123,72.01916666666666,15.084589140968365
Sangareddy,6,22,26.510833333333334,2.436055698654442,942.7900000000001,1.5177050343952272,73.92258333333334,14.85284142217661
Sangareddy,6,23,25.981583333333333,2.27909018993052,942.3566666666667,1.535612725454194,75.82525000000001,14.407951467269493
Sangareddy,7,0,23.503548387096775,0.9940262167522907,940.8112903225807,1.7613838645450346,89.5425806451613,6.316173956496772
Sangareddy,7,1,23.198951612903226,0.9155235905175382,940.3032258064517,1.7663492037455473,90.81024193548386,5.365887960023756
Sangareddy,7,2,22.945564516129032,0.8387905563547097,940.0193548387097,1.76532442120146,91.89451612903225,4.365380873471346
Sangareddy,7,3,22.746935483870967,0.7808429647766743,940.0370967741936,1.800563043914736,92.73709677419355,3.457314803296805
Sangareddy,7,4,22.591129032258067,0.7503984954106054,940.3459677419354,1.8353085823497874,93.33951612903226,2.8020903506259547
Sangareddy,7,5,22.568790322580647,0.7524330105416316,940.9185483870967,1.8543452347586706,93.27790322580644,2.4983940448949875
Sangareddy,7,6,23.31766129032258,0.8192353254647745,941.6120967741934,1.868375788785463,89.32120967741936,3.703143378605154
Sangareddy,7,7,24.68935483870968,1.064242730072883,942.1556451612903,1.8758327113233142,81.49459677419355,6.309371710463923
Sangareddy,7,8,26.27943548387097,1.4009429474983242,942.45,1.8519820189121818,73.12483870967742,8.404846403308323
Sangareddy,7,9,27.72782258064516,1.7064290487294687,942.3814516129032,1.80033271249745,66.59145161290323,9.538270768740116
Sangareddy,7,10,28.9116935483871,1.9820879693727074,941.9653225806452,1.7508671187310287,61.95645161290323,10.309760249989994
Sangareddy,7,11,29.781451612903226,2.205796758339957,941.258064516129,1.7004588942660233,58.84443548387097,10.907347139884665
Sangareddy,7,12,30.32677419354839,2.372508722777183,940.4620967741936,1.6588561414045566,57.03733870967742,11.456735804712316
Sangareddy,7,13,30.47024193548387,2.4482661738594755,939.7758064516129,1.6472875446980821,56.64572580645161,11.92613282604085
Sangareddy,7,14,30.18903225806452,2.441966560352084,939.3459677419354,1.6413062016977213,57.78225806451613,12.381409801829061
Sangareddy,7,15,29.598467741935483,2.375905148648346,939.2088709677419,1.645541505099144,60.21193548387097,12.915184589134354
Sangareddy,7,16,28.699112903225807,2.2555557468142142,939.4395161290323,1.6522868384411091,64.38354838709677,13.439139187586782
Sangareddy,7,17,27.45008064516129,2.0190340183927638,939.9814516129032,1.6693977754265292,71.15540322580645,13.07340186873535
Sangareddy,7,18,26.103548387096776,1.6323892377910107,940.6201612903226,1.681123310031115,78.42500000000001,11.28277891301607
Sangareddy,7,19,25.47298387096774,1.4971875964369765,941.2370967741934,1.729066092297845,81.34532258064516,10.417734834506374
Sangareddy,7,20,25.006129032258066,1.3890499237005076,941.7129032258064,1.7472844315873794,83.35524193548386,9.67935666609341
Sangareddy,7,21,24.594435483870967,1.2536978165874029,942.0491935483872,1.728691218259675,85.07467741935484,8.789081404084055
Sangareddy,7,22,24.211129032258064,1.149311713204745,941.9096774193548,1.7283583712075776,86.65854838709677,7.969971049263285
Sangareddy,7,23,23.839032258064517,1.0654350761027074,941.3967741935484,1.7416903985874979,88.21427419354839,7.1522012272971915
Sangareddy,8,0,23.050645161290323,0.6615806914331857,943.0959677419354,1.5239230073348324,94.11387096774195,2.73094810948711
Sangareddy,8,1,22.767258064516128,0.641590172245045,942.5548387096775,1.541531011674037,94.8908064516129,2.2196735264133873
Sangareddy,8,2,22.526290322580646,0.6345351896447176,942.2782258064516,1.4963674434552028,95.50129032258064,1.831774637211581
Sangareddy,8,3,22.33056451612903,0.6426777093382406,942.316935483871,1.4903877257410774,95.93048387096773,1.5848232723606115
Sangareddy,8,4,22.168064516129032,0.6574892838711943,942.6500000000001,1.4814572039564655,96.26895161290322,1.4481099644655295
Sangareddy,8,5,22.08451612903226,0.6831697462393694,943.1774193548387,1.5004518945146206,96.33040322580645,1.4074577203102936
Sangareddy,8,6,22.64475806451613,0.7753461998418725,943.8516129032258,1.5293594956138117,93.84556451612903,2.253249975277572
Sangareddy,8,7,23.74282258064516,0.960434827407537,944.4733870967742,1.5731026186926393,88.34137096774194,4.312566310964659
Sangareddy,8,8,25.131612903225808,1.2131892975550325,944.8072580645162,1.5719685440850943,81.48282258064516,6.12820210779291
Sangareddy,8,9,26.409354838709678,1.377948128122948,944.8,1.5579849399691847,75.77822580645162,6.820314472923686
Sangareddy,8,10,27.47282258064516,1.464905202673303,944.425,1.546652561612138,71.53709677419356,7.050539133418056
Sangareddy,8,11,28.248064516129034,1.526639690225337,943.7556451612903,1.5369858804306082,68.65104838709676,7.225056538282558
Sangareddy,8,12,28.702903225806452,1.5925603327104583,942.9427419354838,1.5294493077228022,67.0557258064516,7.452836113560313
Sangareddy,8,13,28.85225806451613,1.6320742643660489,942.191935483871,1.5058475059749197,66.61104838709677,7.748045105508176
Sangareddy,8,14,28.71661290322581,1.6371127107806691,941.6887096774193,1.5059885701970392,67.36056451612903,8.084776349523846
Sangareddy,8,15,28.333709677419357,1.6133414639360093,941.4806451612903,1.5110798066313167,69.46241935483872,8.512145733799633
Sangareddy,8,16,27.594193548387096,1.4686430309909757,941.6225806451613,1.5045102225321358,74.1041935483871,8.314416131305364
Sangareddy,8,17,26.3975,1.201480539919344,942.0604838709677,1.4959467485624613,82.42104838709676,5.886318547820879
Sangareddy,8,18,25.183145161290323,0.9392830399636649,942.6846774193548,1.4729564515300446,88.5175,4.012284110140735
Sangareddy,8,19,24.716048387096773,0.9147231297740959,943.3580645161289,1.4298272551407971,89.62475806451613,4.471149879147894
Sangareddy,8,20,24.346370967741933,0.889056624969583,943.941935483871,1.4166889586496743,90.5933870967742,4.487411096946967
Sangareddy,8,21,23.998629032258062,0.8241707679601585,944.2870967741936,1.41191029805211,91.56838709677419,4.167494887526054
Sangareddy,8,22,23.66322580645161,0.7566437964959241,944.1733870967741,1.433745953331355,92.4658870967742,3.8394497005963495
Sangareddy,8,23,23.337338709677418,0.6931630210664225,943.7201612903226,1.4713513416318664,93.37991935483872,3.296052207724439
Sangareddy,9,0,22.709896907216496,0.7266310601636149,943.0092783505154,1.6267351296786348,95.43103092783505,2.1658891960232234
Sangareddy,9,1,22.45701030927835,0.7653255910455876,942.4938144329897,1.6611250224490173,95.8540206185567,1.7801472667274232
Sangareddy,9,2,22.237731958762886,0.8059912442073005,942.1752577319587,1.704224587106692,96.21092783505154,1.5230876551120225
Sangareddy,9,3,22.06536082474227,0.8459487546729093,942.1927835051546,1.7088767889245684,96.46000000000001,1.332815003416959
Sangareddy,9,4,21.92463917525773,0.8757699729567393,942.5618556701031,1.6863078071984612,96.69484536082474,1.2436497978078953
Sangareddy,9,5,21.81835051546392,0.8910137957363171,943.1185567010309,1.6462919127103746,96.85463917525773,1.2181501189095338
Sangareddy,9,6,22.331752577319588,0.7876640177201165,943.8061855670103,1.6262056061702328,95.18917525773196,1.6977642590717479
Sangareddy,9,7,23.32639175257732,0.7999559695787041,944.5144329896907,1.631588546652309,91.47845360824742,3.6962501663302243
Sangareddy,9,8,24.601237113402064,1.1128279083525217,944.9051546391753,1.6260490930230072,85.82731958762886,6.102416958922897
Sangareddy,9,9,25.784948453608248,1.4122552322669222,944.8525773195876,1.5767908326398088,80.58092783505154,7.71923558964799
Sangareddy,9,10,26.73360824742268,1.6257461015170653,944.4670103092784,1.545269774821193,76.80628865979382,8.57451776092827
Sangareddy,9,11,27.39381443298969,1.7688599455222136,943.7494845360825,1.5479235898010593,74.4059793814433,9.006942884495842
Sangareddy,9,12,27.76876288659794,1.848082484705406,942.8762886597938,1.589730925599498,73.04515463917527,9.262213571077622
Sangareddy,9,13,27.854742268041235,1.863770871101284,942.1134020618557,1.6599214882274258,72.73711340206185,9.446626046588767
Sangareddy,9,14,27.683711340206187,1.8193939693775927,941.6443298969073,1.7080062129183136,73.5640206185567,9.570368076754967
Sangareddy,9,15,27.27773195876289,1.7192564436616669,941.5835051546393,1.7016340438660607,75.96020618556702,9.474287020160308
Sangareddy,9,16,26.575773195876288,1.5451771979368734,941.8577319587629,1.6564165043064538,80.7280412371134,8.370683793152637
Sangareddy,9,17,25.395154639175257,1.2284374504172475,942.3567010309279,1.6018808747125395,87.99494845360825,5.7814149298476485
Sangareddy,9,18,24.482474226804126,1.0564741191496325,942.9567010309279,1.5617102815300323,91.20020618556701,4.889726683606968
Sangareddy,9,19,24.165257731958764,1.0055741444397,943.5484536082474,1.5415842366744152,91.85670103092784,4.875051863324439
Sangareddy,9,20,23.86618556701031,0.937522714501461,944.0917525773195,1.5082875294444582,92.61092783505156,4.601529882023443
Sangareddy,9,21,23.57453608247423,0.8504361878600856,944.2721649484536,1.503866008828169,93.37865979381444,3.966915948626949
Sangareddy,9,22,23.28041237113402,0.7578697083571567,944.079381443299,1.5195214532001111,94.18061855670103,3.14609970652585
Sangareddy,9,23,22.98639175257732,0.7214932223737596,943.6175257731958,1.5587795913575981,94.85288659793814,2.5790522155931663
Sangareddy,10,0,21.02258064516129,1.9118258420920253,946.8440860215054,2.040378394445447,94.17344086021504,4.692358842847758
Sangareddy,10,1,20.753010752688173,1.9643119079266025,946.2989247311829,2.0625804133812493,94.7504301075269,4.462770370320899
Sangareddy,10,2,20.520322580645164,2.007249606244121,946.0172043010754,2.0740437113289807,95.22709677419356,4.405444650273102
Sangareddy,10,3,20.310752688172045,2.0445730055756295,946.0709677419355,2.0637439934950965,95.56505376344086,4.433462584279738
Sangareddy,10,4,20.119139784946235,2.0756793837586813,946.5032258064516,2.033173339607826,95.86612903225806,4.409611052614911
Sangareddy,10,5,19.948924731182796,2.1085707411324814,947.2258064516129,2.021133088673744,96.17806451612903,4.385176923222851
Sangareddy,10,6,20.683870967741935,1.953588132607627,948.0129032258064,2.024696746292153,94.40161290322581,3.965395229581559
Sangareddy,10,7,22.39537634408602,1.463072674307016,948.6752688172044,2.0323821915682494,87.95709677419354,6.990078929181357
Sangareddy,10,8,24.507311827956986,1.251279466738074,949.089247311828,2.0305526322950316,79.53365591397849,9.050470415944318
Sangareddy,10,9,26.27451612903226,1.101074096279583,949.0645161290323,2.0417727357931517,71.89591397849462,10.562453728898818
Sangareddy,10,10,27.356989247311827,1.0726721863870348,948.4666666666666,2.02190898460565,67.87623655913978,10.349837103735805
Sangareddy,10,11,28.038387096774194,1.088186854881111,947.5010752688173,1.9852441873490914,65.50569892473118,10.297038556730923
Sangareddy,10,12,28.395806451612902,1.1100208797298272,946.5086021505376,1.9470521706448722,64.20064516129032,10.288139731966137
Sangareddy,10,13,28.440215053763442,1.1098364337914497,945.7247311827956,1.9256086510378374,63.86935483870968,10.299259661705912
Sangareddy,10,14,28.1652688172043,1.0916995041615734,945.2655913978494,1.8928638656380539,64.69204301075268,10.414086672172521
Sangareddy,10,15,27.55537634408602,1.0650766038379653,945.2387096774194,1.879467562095763,67.39505376344086,10.840167416449031
Sangareddy,10,16,26.440967741935488,1.038158973036375,945.5913978494624,1.8777678651028011,74.23268817204301,9.532660920064442
Sangareddy,10,17,24.3947311827957,1.274839795048304,946.1623655913979,1.8752920919438756,85.35000000000001,6.699685586392985
Sangareddy,10,18,23.289569892473118,1.404361152901679,946.8397849462366,1.8807456768726942,88.52698924731183,6.452380043684971
Sangareddy,10,19,22.795483870967743,1.4856154603169283,947.5827956989247,1.9153058363973483,89.73193548387097,6.209759194740338
Sangareddy,10,20,22.34741935483871,1.564472340012694,948.1,1.9309267880656125,90.84064516129033,5.824514685222538
Sangareddy,10,21,21.934408602150537,1.6414736634351723,948.183870967742,1.956221419992941,91.86569892473119,5.389151824418128
Sangareddy,10,22,21.56483870967742,1.725205477934142,947.9440860215054,1.963164169838419,92.77989247311828,5.055427237487412
Sangareddy,10,23,21.24043010752688,1.815589444337027,947.5397849462365,1.9757849174962219,93.54752688172043,4.86180849691578
Sangareddy,11,0,17.625,3.045848620700757,949.49,1.245400526702238,90.91355555555556,5.648512643267129
Sangareddy,11,1,17.258333333333333,3.0730961037561664,949.01,1.2477440316584194,92.00966666666667,5.555842647887886
Sangareddy,11,2,16.923222222222222,3.12672957180997,948.7344444444445,1.2409819518204714,93.13722222222222,5.4137579686684205
Sangareddy,11,3,16.60411111111111,3.187332333354329,948.7388888888889,1.2434723441482567,94.28433333333334,5.1598471473745855
Sangareddy,11,4,16.32177777777778,3.2507314916740366,949.0777777777778,1.241309364673625,95.26011111111112,4.877009696834857
Sangareddy,11,5,16.076888888888888,3.3111889457876917,949.7422222222223,1.2273089020591479,95.96766666666667,4.496767140858093
Sangareddy,11,6,16.52111111111111,3.262008908992596,950.53,1.2133573072497221,94.69155555555555,4.357488172219875
Sangareddy,11,7,18.825666666666667,2.671550511375643,951.2355555555555,1.2198094446053962,84.99288888888888,6.014567193642572
Sangareddy,11,8,21.34111111111111,2.545712166949326,951.7111111111111,1.233378883661331,75.60155555555556,6.857496006972448
Sangareddy,11,9,24.02722222222222,2.1782675456941076,951.76,1.2365046786101268,64.21188888888888,8.306534437991457
Sangareddy,11,10,25.563444444444446,2.169164474942092,951.1444444444444,1.2476594816984832,59.13366666666666,8.405387711716195
Sangareddy,11,11,26.578,2.2038618811103414,950.1155555555555,1.2666784939326141,56.245666666666665,8.373204727924094
Sangareddy,11,12,27.186666666666667,2.2141506094546277,949.0444444444445,1.2915552084326185,54.565999999999995,8.391038397794304
Sangareddy,11,13,27.361555555555555,2.176875356354522,948.1688888888889,1.3128273327034348,54.03344444444445,8.451444150393232
Sangareddy,11,14,27.078222222222223,2.137333515575894,947.6855555555555,1.3215211792536348,54.87166666666666,8.714833183471175
Sangareddy,11,15,26.336111111111112,2.096101086015772,947.6488888888888,1.3032581853293186,57.64988888888889,9.120540282444642
Sangareddy,11,16,24.681,2.2241433396941015,948.0088888888889,1.2933402833899201,68.40611111111112,8.838477002167993
Sangareddy,11,17,21.88577777777778,2.5901854420523085,948.6044444444444,1.291363804048618,80.39322222222222,7.406119520677266
Sangareddy,11,18,20.814999999999998,2.7336772986279354,949.3355555555555,1.2934850677430318,82.5021111111111,7.278944931331615
Sangareddy,11,19,20.14588888888889,2.8318330484832437,950.0766666666666,1.2867562212919885,84.05755555555555,7.165224587949451
Sangareddy,11,20,19.535111111111114,2.9020431564498885,950.52,1.2870312498934249,85.578,7.021067366596918
Sangareddy,11,21,18.970666666666666,2.9594999577631365,950.5944444444444,1.289051660047876,87.009,6.906041980953826
Sangareddy,11,22,18.446666666666665,2.9959436996855273,950.3366666666667,1.2973135595954124,88.35,6.599656613470921
Sangareddy,11,23,17.97277777777778,3.0193856908421677,949.928888888889,1.2878205999392787,89.60677777777778,6.199631889720536
Sangareddy,12,0,15.99505376344086,3.0137011852595093,949.7935483870968,1.9144647595524458,84.0310752688172,10.048540718450612
Sangareddy,12,1,15.588924731182795,3.0487796783109333,949.2978494623655,1.912770497757672,85.23817204301075,10.160034656975782
Sangareddy,12,2,15.20741935483871,3.1109071454934467,948.9709677419355,1.9184221690006797,86.53333333333333,10.367590736577107
Sangareddy,12,3,14.866774193548386,3.168884785758822,948.9559139784946,1.9208502626832944,87.81268817204301,10.520179484725384
Sangareddy,12,4,14.575806451612904,3.223116006013247,949.3086021505376,1.926285901055206,88.84569892473118,10.395023202794173
Sangareddy,12,5,14.309462365591397,3.285612697011611,949.9688172043011,1.9582589036217153,89.8763440860215,10.15021565255445
Sangareddy,12,6,14.513655913978495,3.275756396204458,950.7677419354839,1.9767761023357988,89.45032258064515,9.867621894424836
Sangareddy,12,7,17.073548387096775,2.574600283522834,951.574193548387,2.0167183430452824,78.9089247311828,10.343037404180311
Sangareddy,12,8,19.802688172043013,2.495054299219605,952.1720430107526,2.0414384097343277,67.79236559139784,10.693290195852548
Sangareddy,12,9,22.9905376344086,2.1524391450224063,952.2204301075269,2.012761413742038,55.63129032258065,11.923677323949446
Sangareddy,12,10,24.992903225806455,2.0047549891744665,951.6494623655914,1.9765815712505839,48.87494623655914,11.890020625979103
Sangareddy,12,11,26.20967741935484,2.0643461179779594,950.6225806451612,1.9551008554135754,45.76032258064516,11.79844411735983
Sangareddy,12,12,26.958279569892472,2.1202607631137758,949.4376344086021,1.9506361269270378,43.960967741935484,11.95284776551052
Sangareddy,12,13,27.226344086021506,2.1503754904395493,948.4559139784946,1.9472088366144278,43.32086021505376,12.280598400651082
Sangareddy,12,14,26.95559139784946,2.155317722147585,947.9483870967741,1.9424106998233444,43.953978494623655,12.78963372183359
Sangareddy,12,15,26.10709677419355,2.1781157496317367,947.9268817204301,1.9358819911564846,46.811075268817206,13.407319582841565
Sangareddy,12,16,23.94924731182796,2.3198623631207558,948.3150537634409,1.9390689292275227,60.234516129032265,13.070655776447005
Sangareddy,12,17,20.71,2.553037406698151,948.9344086021505,1.9342167622589836,71.01655913978495,11.325803886875509
Sangareddy,12,18,19.57709677419355,2.679317556136243,949.7559139784946,1.9200012661675603,73.3941935483871,11.162753704461988
Sangareddy,12,19,18.781720430107526,2.7771378853118938,950.4688172043011,1.886622153746034,75.43516129032258,10.877257747934781
Sangareddy,12,20,18.066666666666666,2.84731961421742,950.8860215053763,1.8724310748241728,77.477311827957,10.512623275375521
Sangareddy,12,21,17.42774193548387,2.8931459967941096,950.9591397849462,1.86688746773991,79.3583870967742,10.158744497307277
Sangareddy,12,22,16.86021505376344,2.918823831947523,950.7032258064515,1.8581460847764875,81.05892473118278,9.896201452024709
Sangareddy,12,23,16.365161290322582,2.929785796036835,950.3021505376345,1.8723954951172885,82.53408602150537,9.788238087729834
